Workbook

Sheet Faturamento Geral 2025
A1: Indicadores | B1: Leads | E1: Nº Vendas | H1: Faturamento | L1: Taxa Conversão | O1: Ticket Médio
A2: Data | B2: Realizado | C2: Meta | D2: Gap | E2: Realizado | F2: Meta | G2: Gap | H2: Realizado | I2: Meta | J2: Gap | K2: % atingimento | L2: Realizado | M2: Meta | N2: Gap | O2: Realizado | P2: Meta | Q2: Gap
A3: 2025
A4: Setembro | B4: ='Recompra - 09'!B4+'Compra - 09 '!B4 -> 4310 | C4: ='Recompra - 09'!C4+'Compra - 09 '!C4 -> 6120 | D4: =B4-C4 -> -1810 | E4: ='Recompra - 09'!E4+'Compra - 09 '!E4 -> 1177 | F4: ='Recompra - 09'!F4+'Compra - 09 '!F4 -> 1458 | G4: =F4-E4 -> 281 | H4: ='Compra - 09 '!H4+'Recompra - 09'!H4 -> 305877.8 | I4: ='Compra - 09 '!I4+'Recompra - 09'!I4 -> 357900 | J4: =H4-I4 -> -52022.2 | L4: =E4/B4 -> 0.27308585 | M4: 0.4 | N4: =L4-M4 -> -0.12691415 | O4: =H4/E4 -> 259.87918 | P4: 250 | Q4: =O4-P4 -> 9.8791844
A5: Outubro | B5: ='Recompra - 10'!B4+'Compra - 10 '!B4 -> 4018 | C5: ='Recompra - 10'!C4+'Compra - 10 '!C4 -> 6030 | D5: =B5-C5 -> -2012 | E5: ='Recompra - 10'!E4+'Compra - 10 '!E4 -> 1220 | F5: ='Recompra - 10'!F4+'Compra - 10 '!F4 -> 1431 | G5: =F5-E5 -> 211 | H5: ='Compra - 09 '!H5+'Recompra - 09'!H5 -> 151018.97 | I5: 550000 | J5: =H5-I5 -> -398981.03 | L5: =E5/B5 -> 0.30363365 | M5: 0.4 | N5: =L5-M5 -> -0.096366351 | O5: =H5/E5 -> 123.78604 | P5: 250 | Q5: =O5-P5 -> -126.21396
A6: Novembro | B6: ='Recompra - 11'!B4+'Compra - 11'!B4 -> 2986 | C6: ='Recompra - 10'!C5+'Compra - 10 '!C5 -> 2310 | D6: =B6-C6 -> 676 | E6: ='Recompra - 11'!E4+'Compra - 11'!E4 -> 1446 | F6: ='Recompra - 10'!F5+'Compra - 10 '!F5 -> 693 | G6: =E6-F6 -> 753 | H6: 414625.26 | I6: 510000 | J6: =H6-I6 -> -95374.74 | K6: =H6/I6 -> 0.81299071 | L6: =E6/B6 -> 0.48425988 | M6: 0.4 | N6: =L6-M6 -> 0.084259879 | O6: =H6/E6 -> 286.73946 | P6: 250 | Q6: =O6-P6 -> 36.739461
A7: Dezembro | B7: ='Recompra - 12'!B4+'Compra - 12'!B4 -> 1908 | C7: ='Recompra - 12'!C4+'Compra - 12'!C4 -> 6061 | D7: =B7-C7 -> -4153 | E7: ='Recompra - 12'!E4+'Compra - 12'!E4 -> 1131 | F7: ='Recompra - 12'!F4+'Compra - 12'!F4 -> 2616.1 | G7: =E7-F7 -> -1485.1 | H7: 287241.46 | I7: 510000 | J7: =H7-I7 -> -222758.54 | K7: =H7/I7 -> 0.56321855 | L7: =E7/B7 -> 0.5927673 | M7: 0.4 | N7: =L7-M7 -> 0.1927673 | O7: =H7/E7 -> 253.97123 | P7: 250 | Q7: =O7-P7 -> 3.971229

Sheet GERAL - 12
C1: DEZEMBRO
C2: 510000 | D2: 24150 | E2: 8000
A4: DATA | B4: DIA | C4: VALOR | D4: QNTD FORMULAS | E4: TKT MEDIO | F4: SALDO DO DIA | G4: SALDO GERAL
A5: 45992 | B5: SEG | C5: 19973.4 | D5: 82 | E5: =C5/D5 -> 243.57805 | F5: =C5-D2 -> -4176.6 | G5: =F5 -> -4176.6
A6: 45993 | B6: TER | C6: 24491.75 | D6: 85 | E6: =C6/D6 -> 288.13824 | F6: =C6-D2 -> 341.75 | G6: =F6+G5 -> -3834.85
A7: 45994 | B7: QUA | C7: 13334.3 | D7: 66 | E7: =C7/D7 -> 202.03485 | F7: =C7-D2 -> -10815.7 | G7: =F7+G6 -> -14650.55
A8: 45995 | B8: QUI | C8: 13138.01 | D8: 63 | E8: =C8/D8 -> 208.53984 | F8: =C8-D2 -> -11011.99 | G8: =F8+G7 -> -25662.54
A9: 45996 | B9: SEX | C9: 18642.39 | D9: 78 | E9: =C9/D9 -> 239.005 | F9: =C9-D2 -> -5507.61 | G9: =F9+G8 -> -31170.15
A10: 45997 | B10: SAB | C10: 4916.29 | D10: 30 | E10: =C10/D10 -> 163.87633 | F10: =C10-E2 -> -3083.71 | G10: =F10+G9 -> -34253.86
A11: 45998 | B11: DOM | G11: =F11+G10 -> -34253.86
A12: 45999 | B12: SEG | C12: 18033.93 | D12: 79 | E12: =C12/D12 -> 228.27759 | F12: =C12-D2 -> -6116.07 | G12: =F12+G11 -> -40369.93
A13: 46000 | B13: TER | C13: 18356.73 | D13: 76 | E13: =C13/D13 -> 241.53592 | F13: =C13-D2 -> -5793.27 | G13: =F13+G12 -> -46163.2
A14: 46001 | B14: QUA | C14: 20158.71 | D14: 84 | E14: =C14/D14 -> 239.98464 | F14: =C14-D2 -> -3991.29 | G14: =F14+G13 -> -50154.49
A15: 46002 | B15: QUI | C15: 16635.79 | D15: 86 | E15: =C15/D15 -> 193.43942 | F15: =C15-D2 -> -7514.21 | G15: =F15+G14 -> -57668.7
A16: 46003 | B16: SEX | C16: 15007.88 | D16: 70 | E16: =C16/D16 -> 214.39829 | F16: =C16-D2 -> -9142.12 | G16: =F16+G15 -> -66810.82
A17: 46004 | B17: SAB | C17: 5586.66 | D17: 25 | E17: =C17/D17 -> 223.4664 | F17: =C17-E2 -> -2413.34 | G17: =F17+G16 -> -69224.16
A18: 46005 | B18: DOM | G18: =F18+G17 -> -69224.16
A19: 46006 | B19: SEG | C19: 16104.86 | D19: 80 | E19: =C19/D19 -> 201.31075 | F19: =C19-D2 -> -8045.14 | G19: =F19+G18 -> -77269.3
A20: 46007 | B20: TER | C20: 18870.71 | D20: 77 | E20: =C20/D20 -> 245.07416 | F20: =C20-D2 -> -5279.29 | G20: =F20+G19 -> -82548.59
A21: 46008 | B21: QUA | C21: 15490.14 | D21: 59 | E21: =C21/D21 -> 262.54475 | F21: =C21-D2 -> -8659.86 | G21: =F21+G20 -> -91208.45
A22: 46009 | B22: QUI | C22: 15554.44 | D22: 66 | E22: =C22/D22 -> 235.67333 | F22: =C22-D2 -> -8595.56 | G22: =F22+G21 -> -99804.01
A23: 46010 | B23: SEX | C23: 9613.42 | D23: 50 | E23: =C23/D23 -> 192.2684 | F23: =C23-D2 -> -14536.58 | G23: =F23+G22 -> -114340.59
A24: 46011 | B24: SAB | C24: 5251.1 | D24: 24 | E24: =C24/D24 -> 218.79583 | F24: =C24-E2 -> -2748.9 | G24: =F24+G23 -> -117089.49
A25: 46012 | B25: DOM | G25: =F25+G24 -> -117089.49
A26: 46013 | B26: SEG | C26: 18080.95 | D26: 72 | E26: =C26/D26 -> 251.12431 | F26: =C26-D2 -> -6069.05 | G26: =F26+G25 -> -123158.54
A27: 46014 | B27: TER | E27: =C27/D27 -> #DIV/0! | F27: =C27-D2 -> -24150 | G27: =F27+G26 -> -147308.54
A28: 46015 | B28: QUA | E28: =C28/D28 -> #DIV/0! | F28: =C28-D2 -> -24150 | G28: =F28+G27 -> -171458.54
A29: 46016 | B29: QUI | E29: =C29/D29 -> #DIV/0! | G29: =F29+G28 -> -171458.54
A30: 46017 | B30: SEX | E30: =C30/D30 -> #DIV/0! | F30: =C30-D2 -> -24150 | G30: =F30+G28 -> -195608.54
A31: 46018 | B31: SAB | E31: =C31/D31 -> #DIV/0! | F31: =C31-E2 -> -8000 | G31: =F31+G30 -> -203608.54
A32: 46019 | B32: DOM | G32: =F32+G31 -> -203608.54
A33: 46020 | B33: SEG | E33: =C33/D33 -> #DIV/0! | F33: =C33-D2 -> -24150 | G33: =F33+G32 -> -227758.54
A34: 46021 | B34: TER | E34: =C34/D34 -> #DIV/0! | F34: =C34-D2 -> -24150 | G34: =F34+G33 -> -251908.54
A35: 46022 | B35: QUA | E35: =C35/D35 -> #DIV/0! | G35: =F35+G34 -> -251908.54
A37: TOTAL | C37: =SUM(C5:C35) -> 287241.46 | D37: =SUM(D5:D35) -> 1252 | E37: =C37/D37 -> 229.42609

Sheet Compra - 11
A1: Indicadores | B1: Leads | E1: Nº Vendas | H1: Faturamento | K1: Taxa Conversão | N1: Ticket Médio
A2: Data | B2: Realizado | C2: Meta | D2: Gap | E2: Realizado 2 | F2: Meta 2 | G2: Gap 2 | H2: Realizado 3 | I2: Meta 3 | J2: Gap 3 | K2: Realizado 4 | L2: Meta 4 | M2: Gap 4 | N2: Realizado 5 | O2: Meta 5 | P2: Gap 5
A3: 2025
A4: Novembro | B4: =B5+B36+B67+B98 -> 1647 | C4: =C5+C36 -> 2125 | D4: =D5 -> -763 | E4: =E5+E36+E67+E98 -> 619 | F4: =F5 -> 511.5 | G4: =G5 -> -132 | H4: =H5+H36+H67+H98 -> 149212.54 | I4: =I5+I36+I67+I98 -> 170000 | J4: =J5 -> -17438.89 | K4: =E4/B4 -> 0.37583485 | L4: =L5 -> 0.3 | M4: =K4-L4 -> 0.075834851 | N4: =N5 -> 297.3816 | O4: =O5 -> 250 | P4: =P5 -> 47.381598
A5: Thalia | B5: =SUM(B6:B35) -> 942 | C5: =SUM(C6:C35) -> 1705 | D5: =SUM(D6:D35) -> -763 | E5: =SUM(E6:E35) -> 244 | F5: =C5*30% -> 511.5 | G5: =SUM(G6:G35) -> -132 | H5: =SUM(H6:H35) -> 72561.11 | I5: =SUM(I6:I35) -> 90000 | J5: =SUM(J6:J35) -> -17438.89 | K5: =E5/B5 -> 0.25902335 | L5: 0.3 | M5: =K5-L5 -> -0.040976645 | N5: =IFERROR(H5/E5,"") -> 297.3816 | O5: 250 | P5: =N5-O5 -> 47.381598
A6: 45962 | B6: 10 | C6: 29 | D6: =B6-C6 -> -19 | E6: 4 | F6: 9 | G6: =E6-F6 -> -5 | H6: 1678.81 | I6: 0 | J6: =H6-I6 -> 1678.81 | K6: =E6/B6 -> 0.4 | L6: 0.3 | M6: =L6-K6 -> -0.1 | N6: =IFERROR(H6/E6,"") -> 419.7025 | O6: 250 | P6: =N6-O6 -> 169.7025 | R6: THALIA
A7: 45963 | B7: 0 | C7: 0 | D7: =B7-C7 -> 0 | E7: 0 | F7: 0 | G7: =E7-F7 -> 0 | H7: 0 | I7: 0 | J7: =H7-I7 -> 0 | K7: =E7/B7 -> #DIV/0! | L7: 0.3 | M7: =L7-K7 -> #DIV/0! | N7: =IFERROR(H7/E7,"") | O7: 250 | P7: =N7-O7 -> -250 | R7: Outubro
A8: 45964 | B8: 57 | C8: 78 | D8: =B8-C8 -> -21 | E8: 18 | F8: 17 | G8: =E8-F8 -> 1 | H8: 7938.59 | I8: 4500 | J8: =H8-I8 -> 3438.59 | K8: =E8/B8 -> 0.31578947 | L8: 0.3 | M8: =L8-K8 -> -0.015789474 | N8: =IFERROR(H8/E8,"") -> 441.03278 | O8: 250 | P8: =N8-O8 -> 191.03278 | R8: Meta | S8: 90000
A9: 45965 | B9: 57 | C9: 78 | D9: =B9-C9 -> -21 | E9: 15 | F9: 17 | G9: =E9-F9 -> -2 | H9: 4336.09 | I9: 4500 | J9: =H9-I9 -> -163.91 | K9: =E9/B9 -> 0.26315789 | L9: 0.3 | M9: =L9-K9 -> 0.036842105 | N9: =IFERROR(H9/E9,"") -> 289.07267 | O9: 250 | P9: =N9-O9 -> 39.072667 | R9: Meta x Dia | S9: =S8/30 -> 3000
A10: 45966 | B10: 39 | C10: 78 | D10: =B10-C10 -> -39 | E10: 12 | F10: 17 | G10: =E10-F10 -> -5 | H10: 2905.36 | I10: 4500 | J10: =H10-I10 -> -1594.64 | K10: =E10/B10 -> 0.30769231 | L10: 0.3 | M10: =L10-K10 -> -0.0076923077 | N10: =IFERROR(H10/E10,"") -> 242.11333 | O10: 250 | P10: =N10-O10 -> -7.8866667 | R10: Meta x Dia Útil | S10: =S8/20 -> 4500
A11: 45967 | B11: 39 | C11: 78 | D11: =B11-C11 -> -39 | E11: 15 | F11: 17 | G11: =E11-F11 -> -2 | H11: 7649.02 | I11: 4500 | J11: =H11-I11 -> 3149.02 | K11: =E11/B11 -> 0.38461538 | L11: 0.3 | M11: =L11-K11 -> -0.084615385 | N11: =IFERROR(H11/E11,"") -> 509.93467 | O11: 250 | P11: =N11-O11 -> 259.93467 | R11: Realizado | S11: =H5 -> 72561.11 | T11: =S8-S11 -> 17438.89
A12: 45968 | B12: 43 | C12: 78 | D12: =B12-C12 -> -35 | E12: 8 | F12: 17 | H12: 1900.89 | I12: 4500 | J12: =H12-I12 -> -2599.11 | K12: =E12/B12 -> 0.18604651 | N12: =IFERROR(H12/E12,"") -> 237.61125 | P12: =N12-O12 -> 237.61125 | R12: % da Meta | S12: =S11/S8 -> 0.80623456
A13: 45969 | B13: 19 | C13: 29 | D13: =B13-C13 -> -10 | E13: 2 | F13: 9 | G13: =E13-F13 -> -7 | H13: 1415 | I13: 0 | J13: =H13-I13 -> 1415 | K13: =E13/B13 -> 0.10526316 | L13: 0.3 | M13: =L13-K13 -> 0.19473684 | N13: =IFERROR(H13/E13,"") -> 707.5 | O13: 250 | P13: =N13-O13 -> 457.5 | R13: Dias Útil Restante | S13: 1
A14: 45970 | B14: 0 | C14: 0 | D14: =B14-C14 -> 0 | E14: 0 | F14: 0 | G14: =E14-F14 -> 0 | H14: 0 | I14: 0 | J14: =H14-I14 -> 0 | K14: =E14/B14 -> #DIV/0! | L14: 0.3 | M14: =L14-K14 -> #DIV/0! | N14: =IFERROR(H14/E14,"") | O14: 250 | P14: =N14-O14 -> -250 | R14: Meta dia Acumulado | S14: =(S8-S11)/S13 -> 17438.89
A15: 45971 | B15: 36 | C15: 78 | D15: =B15-C15 -> -42 | E15: 8 | F15: 17 | G15: =E15-F15 -> -9 | H15: 2512.07 | I15: 4500 | J15: =H15-I15 -> -1987.93 | K15: =E15/B15 -> 0.22222222 | L15: 0.3 | M15: =L15-K15 -> 0.077777778 | N15: =IFERROR(H15/E15,"") -> 314.00875 | O15: 250 | P15: =N15-O15 -> 64.00875 | R15: Ticket Médio | S15: =N5 -> 297.3816
A16: 45972 | B16: 67 | C16: 78 | D16: =B16-C16 -> -11 | E16: 17 | F16: 17 | G16: =E16-F16 -> 0 | H16: 3772.71 | I16: 4500 | J16: =H16-I16 -> -727.29 | K16: =E16/B16 -> 0.25373134 | L16: 0.3 | M16: =L16-K16 -> 0.046268657 | N16: =IFERROR(H16/E16,"") -> 221.92412 | O16: 250 | P16: =N16-O16 -> -28.075882 | R16: Nº Leads | S16: =B5 -> 942
A17: 45973 | B17: 38 | C17: 78 | D17: =B17-C17 -> -40 | E17: 15 | F17: 17 | G17: =E17-F17 -> -2 | H17: 4546.6 | I17: 4500 | J17: =H17-I17 -> 46.6 | K17: =E17/B17 -> 0.39473684 | L17: 0.3 | M17: =L17-K17 -> -0.094736842 | N17: =IFERROR(H17/E17,"") -> 303.10667 | O17: 250 | P17: =N17-O17 -> 53.106667 | R17: Nº Vendas | S17: =E5 -> 244
A18: 45974 | B18: 68 | C18: 78 | D18: =B18-C18 -> -10 | E18: 10 | F18: 17 | G18: =E18-F18 -> -7 | H18: 2625.99 | I18: 4500 | J18: =H18-I18 -> -1874.01 | K18: =E18/B18 -> 0.14705882 | L18: 0.3 | M18: =L18-K18 -> 0.15294118 | N18: =IFERROR(H18/E18,"") -> 262.599 | O18: 250 | P18: =N18-O18 -> 12.599 | R18: Taxa Conversão | S18: =E5/B5 -> 0.25902335
A19: 45975 | B19: 38 | C19: 78 | D19: =B19-C19 -> -40 | E19: 17 | F19: 17 | G19: =E19-F19 -> 0 | H19: 2875.28 | I19: 4500 | J19: =H19-I19 -> -1624.72 | K19: =E19/B19 -> 0.44736842 | L19: 0.3 | M19: =L19-K19 -> -0.14736842 | N19: =IFERROR(H19/E19,"") -> 169.13412 | O19: 250 | P19: =N19-O19 -> -80.865882
A20: 45976 | B20: 11 | C20: 29 | D20: =B20-C20 -> -18 | E20: 3 | F20: 9 | G20: =E20-F20 -> -6 | H20: 797.07 | I20: 0 | J20: =H20-I20 -> 797.07 | K20: =E20/B20 -> 0.27272727 | L20: 0.3 | M20: =L20-K20 -> 0.027272727 | N20: =IFERROR(H20/E20,"") -> 265.69 | O20: 250 | P20: =N20-O20 -> 15.69
A21: 45977 | B21: 0 | C21: 0 | D21: =B21-C21 -> 0 | E21: 0 | F21: 0 | G21: =E21-F21 -> 0 | H21: 0 | I21: 0 | J21: =H21-I21 -> 0 | K21: =E21/B21 -> #DIV/0! | L21: 0.3 | M21: =L21-K21 -> #DIV/0! | N21: =IFERROR(H21/E21,"") | O21: 250 | P21: =N21-O21 -> -250
A22: 45978 | B22: 48 | C22: 78 | D22: =B22-C22 -> -30 | E22: 10 | F22: 17 | G22: =E22-F22 -> -7 | H22: 1570.83 | I22: 4500 | J22: =H22-I22 -> -2929.17 | K22: =E22/B22 -> 0.20833333 | L22: 0.3 | M22: =L22-K22 -> 0.091666667 | N22: =IFERROR(H22/E22,"") -> 157.083 | O22: 250 | P22: =N22-O22 -> -92.917
A23: 45979 | B23: 49 | C23: 78 | D23: =B23-C23 -> -29 | E23: 13 | F23: 17 | G23: =E23-F23 -> -4 | H23: 1614.8 | I23: 4500 | J23: =H23-I23 -> -2885.2 | K23: =E23/B23 -> 0.26530612 | L23: 0.3 | M23: =L23-K23 -> 0.034693878 | N23: =IFERROR(H23/E23,"") -> 124.21538 | O23: 250 | P23: =N23-O23 -> -125.78462
A24: 45980 | B24: 47 | C24: 78 | D24: =B24-C24 -> -31 | E24: 9 | F24: 17 | G24: =E24-F24 -> -8 | H24: 3508.6 | I24: 4500 | J24: =H24-I24 -> -991.4 | K24: =E24/B24 -> 0.19148936 | L24: 0.3 | M24: =L24-K24 -> 0.10851064 | N24: =IFERROR(H24/E24,"") -> 389.84444 | O24: 250 | P24: =N24-O24 -> 139.84444
A25: 45981 | B25: 11 | C25: 78 | D25: =B25-C25 -> -67 | E25: 2 | F25: 17 | G25: =E25-F25 -> -15 | H25: 213.56 | I25: 4500 | J25: =H25-I25 -> -4286.44 | K25: =E25/B25 -> 0.18181818 | L25: 0.3 | M25: =L25-K25 -> 0.11818182 | N25: =IFERROR(H25/E25,"") -> 106.78 | O25: 250 | P25: =N25-O25 -> -143.22
A26: 45982 | B26: 43 | C26: 78 | D26: =B26-C26 -> -35 | E26: 9 | F26: 17 | G26: =E26-F26 -> -8 | H26: 3036.53 | I26: 4500 | J26: =H26-I26 -> -1463.47 | K26: =E26/B26 -> 0.20930233 | L26: 0.3 | M26: =L26-K26 -> 0.090697674 | N26: =IFERROR(H26/E26,"") -> 337.39222 | O26: 250 | P26: =N26-O26 -> 87.392222
A27: 45983 | B27: 17 | C27: 29 | D27: =B27-C27 -> -12 | E27: 2 | F27: 9 | G27: =E27-F27 -> -7 | H27: 505.61 | I27: 0 | J27: =H27-I27 -> 505.61 | K27: =E27/B27 -> 0.11764706 | L27: 0.3 | M27: =L27-K27 -> 0.18235294 | N27: =IFERROR(H27/E27,"") -> 252.805 | O27: 250 | P27: =N27-O27 -> 2.805
A28: 45984 | B28: 0 | C28: 0 | D28: =B28-C28 -> 0 | E28: 0 | F28: 0 | G28: =E28-F28 -> 0 | H28: 0 | I28: 0 | J28: =H28-I28 -> 0 | K28: =E28/B28 -> #DIV/0! | L28: 0.3 | M28: =L28-K28 -> #DIV/0! | N28: =IFERROR(H28/E28,"") | O28: 250 | P28: =N28-O28 -> -250
A29: 45985 | B29: 49 | C29: 78 | D29: =B29-C29 -> -29 | E29: 8 | F29: 17 | G29: =E29-F29 -> -9 | H29: 2064.32 | I29: 4500 | J29: =H29-I29 -> -2435.68 | K29: =E29/B29 -> 0.16326531 | L29: 0.3 | M29: =L29-K29 -> 0.13673469 | N29: =IFERROR(H29/E29,"") -> 258.04 | O29: 250 | P29: =N29-O29 -> 8.04
A30: 45986 | B30: 32 | C30: 78 | D30: =B30-C30 -> -46 | E30: 10 | F30: 17 | G30: =E30-F30 -> -7 | H30: 3054.12 | I30: 4500 | J30: =H30-I30 -> -1445.88 | K30: =E30/B30 -> 0.3125 | L30: 0.3 | M30: =L30-K30 -> -0.0125 | N30: =IFERROR(H30/E30,"") -> 305.412 | O30: 250 | P30: =N30-O30 -> 55.412
... A35: 45991 | B35: 0 | C35: 0 | D35: =B35-C35 -> 0 | E35: 0 | F35: 0 | G35: =E35-F35 -> 0 | H35: 0 | I35: 0 | J35: =H35-I35 -> 0 | K35: =E35/B35 -> #DIV/0! | L35: 0.3 | M35: =L35-K35 -> #DIV/0! | N35: =IFERROR(H35/E35,"") | O35: 250 | P35: =N35-O35 -> -250
A36: Mirian | B36: =SUM(B37:B66) -> 416 | C36: =SUM(C37:C66) -> 420 | D36: =SUM(D37:D66) -> -4 | E36: =SUM(E37:E66) -> 310 | F36: =SUM(F37:F66) -> 185 | G36: =SUM(G37:G66) -> 125 | H36: =SUM(H37:H66) -> 59067.79 | I36: =SUM(I37:I66) -> 50000 | J36: =H36-I36 -> 9067.79 | K36: =E36/B36 -> 0.74519231 | L36: 0.5 | M36: =K36-L36 -> 0.24519231 | N36: =IFERROR(H36/E36,"") -> 190.54126 | O36: =O37 -> 250 | P36: =N36-O36 -> -59.458742
A37: 45962 | B37: 3 | C37: 4 | D37: =B37-C37 -> -1 | E37: 3 | F37: 5 | G37: =E37-F37 -> -2 | H37: 782.58 | I37: 0 | J37: =H37-I37 -> 782.58 | K37: =IFERROR(E37/B37,"") -> 1 | L37: 0 | M37: =L37-K37 -> -1 | N37: =IFERROR(H37/E37,"") -> 260.86 | O37: 250 | P37: =N37-O37 -> 10.86 | R37: MIRIAN
A38: 45963 | B38: 0 | C38: 0 | D38: =B38-C38 -> 0 | E38: 0 | F38: 0 | G38: =E38-F38 -> 0 | H38: 0 | I38: 0 | J38: =H38-I38 -> 0 | K38: =IFERROR(E38/B38,"") | L38: 0 | M38: =L38-K38 -> 0 | N38: =IFERROR(H38/E38,"") | O38: 250 | P38: =N38-O38 -> -250 | R38: Outubro
A39: 45964 | B39: 15 | C39: 20 | D39: =B39-C39 -> -5 | E39: 13 | F39: 8 | G39: =E39-F39 -> 5 | H39: 5284.61 | I39: 2500 | J39: =H39-I39 -> 2784.61 | K39: =IFERROR(E39/B39,"") -> 0.86666667 | L39: 0.5 | M39: =L39-K39 -> -0.36666667 | N39: =IFERROR(H39/E39,"") -> 406.50846 | O39: 250 | P39: =N39-O39 -> 156.50846 | R39: Meta | S39: 50000
A40: 45965 | B40: 25 | C40: 20 | D40: =B40-C40 -> 5 | E40: 18 | F40: 8 | G40: =E40-F40 -> 10 | H40: 2291.07 | I40: 2500 | J40: =H40-I40 -> -208.93 | K40: =IFERROR(E40/B40,"") -> 0.72 | L40: 0.5 | M40: =L40-K40 -> -0.22 | N40: =IFERROR(H40/E40,"") -> 127.28167 | O40: 250 | P40: =N40-O40 -> -122.71833 | R40: Meta x Dia | S40: =S39/30 -> 1666.6667
A41: 45966 | B41: 15 | C41: 20 | D41: =B41-C41 -> -5 | E41: 12 | F41: 8 | G41: =E41-F41 -> 4 | H41: 1648.38 | I41: 2500 | J41: =H41-I41 -> -851.62 | K41: =IFERROR(E41/B41,"") -> 0.8 | L41: 0.5 | M41: =L41-K41 -> -0.3 | N41: =IFERROR(H41/E41,"") -> 137.365 | O41: 250 | P41: =N41-O41 -> -112.635 | R41: Meta x Dia Útil | S41: =S39/20 -> 2500
A42: 45967 | B42: 22 | C42: 20 | D42: =B42-C42 -> 2 | E42: 13 | F42: 8 | G42: =E42-F42 -> 5 | H42: 2782.19 | I42: 2500 | J42: =H42-I42 -> 282.19 | K42: =IFERROR(E42/B42,"") -> 0.59090909 | L42: 0.5 | M42: =L42-K42 -> -0.090909091 | N42: =IFERROR(H42/E42,"") -> 214.01462 | O42: 250 | P42: =N42-O42 -> -35.985385 | R42: Realizado | S42: =H36 -> 59067.79
A43: 45968 | B43: 14 | C43: 20 | D43: =B43-C43 -> -6 | E43: 8 | F43: 8 | H43: 927.61 | I43: 2500 | J43: =H43-I43 -> -1572.39 | K43: =IFERROR(E43/B43,"") -> 0.57142857 | L43: 0.5 | M43: =L43-K43 -> -0.071428571 | N43: =IFERROR(H43/E43,"") -> 115.95125 | P43: =N43-O43 -> 115.95125 | R43: % da Meta | S43: =S42/S39 -> 1.1813558
A44: 45969 | B44: 24 | C44: 4 | D44: =B44-C44 -> 20 | E44: 12 | F44: 5 | G44: =E44-F44 -> 7 | H44: 2527.83 | I44: 0 | J44: =H44-I44 -> 2527.83 | K44: =IFERROR(E44/B44,"") -> 0.5 | L44: 0 | M44: =L44-K44 -> -0.5 | N44: =IFERROR(H44/E44,"") -> 210.6525 | O44: 250 | P44: =N44-O44 -> -39.3475 | R44: Dias Útil Restante | S44: 2
A45: 45970 | B45: 0 | C45: 0 | D45: =B45-C45 -> 0 | E45: 0 | F45: 0 | G45: =E45-F45 -> 0 | H45: 0 | I45: 0 | J45: =H45-I45 -> 0 | K45: =IFERROR(E45/B45,"") | L45: 0 | M45: =L45-K45 -> 0 | N45: =IFERROR(H45/E45,"") | O45: 250 | P45: =N45-O45 -> -250 | R45: Meta dia Acumulado | S45: =(S39-S42)/S44 -> -4533.895
A46: 45971 | B46: 20 | C46: 20 | D46: =B46-C46 -> 0 | E46: 16 | F46: 8 | G46: =E46-F46 -> 8 | H46: 2911.02 | I46: 2500 | J46: =H46-I46 -> 411.02 | K46: =IFERROR(E46/B46,"") -> 0.8 | L46: 0.5 | M46: =L46-K46 -> -0.3 | N46: =IFERROR(H46/E46,"") -> 181.93875 | O46: 250 | P46: =N46-O46 -> -68.06125 | R46: Ticket Médio | S46: =N36 -> 190.54126
A47: 45972 | B47: 15 | C47: 20 | D47: =B47-C47 -> -5 | E47: 15 | F47: 8 | G47: =E47-F47 -> 7 | H47: 2457.67 | I47: 2500 | J47: =H47-I47 -> -42.33 | K47: =IFERROR(E47/B47,"") -> 1 | L47: 0.5 | M47: =L47-K47 -> -0.5 | N47: =IFERROR(H47/E47,"") -> 163.84467 | O47: 250 | P47: =N47-O47 -> -86.155333 | R47: Nº Leads | S47: =B36 -> 416
A48: 45973 | B48: 13 | C48: 20 | D48: =B48-C48 -> -7 | E48: 18 | F48: 8 | G48: =E48-F48 -> 10 | H48: 4167.17 | I48: 2500 | J48: =H48-I48 -> 1667.17 | K48: =IFERROR(E48/B48,"") -> 1.3846154 | L48: 0.5 | M48: =L48-K48 -> -0.88461538 | N48: =IFERROR(H48/E48,"") -> 231.50944 | O48: 250 | P48: =N48-O48 -> -18.490556 | R48: Nº Vendas | S48: =E36 -> 310
A49: 45974 | B49: 16 | C49: 20 | D49: =B49-C49 -> -4 | E49: 14 | F49: 8 | G49: =E49-F49 -> 6 | H49: 3557.62 | I49: 2500 | J49: =H49-I49 -> 1057.62 | K49: =IFERROR(E49/B49,"") -> 0.875 | L49: 0.5 | M49: =L49-K49 -> -0.375 | N49: =IFERROR(H49/E49,"") -> 254.11571 | O49: 250 | P49: =N49-O49 -> 4.1157143 | R49: Taxa Conversão | S49: =E36/B36 -> 0.74519231
A50: 45975 | B50: 26 | C50: 20 | D50: =B50-C50 -> 6 | E50: 17 | F50: 8 | G50: =E50-F50 -> 9 | H50: 2789.12 | I50: 2500 | J50: =H50-I50 -> 289.12 | K50: =IFERROR(E50/B50,"") -> 0.65384615 | L50: 0.5 | M50: =L50-K50 -> -0.15384615 | N50: =IFERROR(H50/E50,"") -> 164.06588 | O50: 250 | P50: =N50-O50 -> -85.934118
A51: 45976 | B51: 0 | C51: 4 | D51: =B51-C51 -> -4 | E51: 0 | F51: 5 | G51: =E51-F51 -> -5 | H51: 0 | I51: 0 | J51: =H51-I51 -> 0 | K51: =IFERROR(E51/B51,"") | L51: 0 | M51: =L51-K51 -> 0 | N51: =IFERROR(H51/E51,"") | O51: 250 | P51: =N51-O51 -> -250
A52: 45977 | B52: 0 | C52: 0 | D52: =B52-C52 -> 0 | E52: 0 | F52: 0 | G52: =E52-F52 -> 0 | H52: 0 | I52: 0 | J52: =H52-I52 -> 0 | K52: =IFERROR(E52/B52,"") | L52: 0 | M52: =L52-K52 -> 0 | N52: =IFERROR(H52/E52,"") | O52: 250 | P52: =N52-O52 -> -250
A53: 45978 | B53: 26 | C53: 20 | D53: =B53-C53 -> 6 | E53: 15 | F53: 8 | G53: =E53-F53 -> 7 | H53: 3056.7 | I53: 2500 | J53: =H53-I53 -> 556.7 | K53: =IFERROR(E53/B53,"") -> 0.57692308 | L53: 0.5 | M53: =L53-K53 -> -0.076923077 | N53: =IFERROR(H53/E53,"") -> 203.78 | O53: 250 | P53: =N53-O53 -> -46.22
A54: 45979 | B54: 34 | C54: 20 | D54: =B54-C54 -> 14 | E54: 20 | F54: 8 | G54: =E54-F54 -> 12 | H54: 3195.41 | I54: 2500 | J54: =H54-I54 -> 695.41 | K54: =IFERROR(E54/B54,"") -> 0.58823529 | L54: 0.5 | M54: =L54-K54 -> -0.088235294 | N54: =IFERROR(H54/E54,"") -> 159.7705 | O54: 250 | P54: =N54-O54 -> -90.2295
A55: 45980 | B55: 18 | C55: 20 | D55: =B55-C55 -> -2 | E55: 15 | F55: 8 | G55: =E55-F55 -> 7 | H55: 2444.11 | I55: 2500 | J55: =H55-I55 -> -55.89 | K55: =IFERROR(E55/B55,"") -> 0.83333333 | L55: 0.5 | M55: =L55-K55 -> -0.33333333 | N55: =IFERROR(H55/E55,"") -> 162.94067 | O55: 250 | P55: =N55-O55 -> -87.059333
A56: 45981 | B56: 2 | C56: 20 | D56: =B56-C56 -> -18 | E56: 1 | F56: 8 | G56: =E56-F56 -> -7 | H56: 193.3 | I56: 2500 | J56: =H56-I56 -> -2306.7 | K56: =IFERROR(E56/B56,"") -> 0.5 | L56: 0.5 | M56: =L56-K56 -> 0 | N56: =IFERROR(H56/E56,"") -> 193.3 | O56: 250 | P56: =N56-O56 -> -56.7
A57: 45982 | B57: 17 | C57: 20 | D57: =B57-C57 -> -3 | E57: 10 | F57: 8 | G57: =E57-F57 -> 2 | H57: 1864.9 | I57: 2500 | J57: =H57-I57 -> -635.1 | K57: =IFERROR(E57/B57,"") -> 0.58823529 | L57: 0.5 | M57: =L57-K57 -> -0.088235294 | N57: =IFERROR(H57/E57,"") -> 186.49 | O57: 250 | P57: =N57-O57 -> -63.51
A58: 45983 | B58: 6 | C58: 4 | D58: =B58-C58 -> 2 | E58: 6 | F58: 5 | G58: =E58-F58 -> 1 | H58: 1215.24 | I58: 0 | J58: =H58-I58 -> 1215.24 | K58: =IFERROR(E58/B58,"") -> 1 | L58: 0 | M58: =L58-K58 -> -1 | N58: =IFERROR(H58/E58,"") -> 202.54 | O58: 250 | P58: =N58-O58 -> -47.46
A59: 45984 | B59: 0 | C59: 0 | D59: =B59-C59 -> 0 | E59: 0 | F59: 0 | G59: =E59-F59 -> 0 | H59: 0 | I59: 0 | J59: =H60-I59 -> 1459.91 | K59: =IFERROR(E59/B59,"") | L59: 0 | M59: =L59-K59 -> 0 | N59: =IFERROR(H60/E59,"") | O59: 250 | P59: =N59-O59 -> -250
A60: 45985 | B60: 16 | C60: 20 | D60: =B60-C60 -> -4 | E60: 8 | F60: 8 | G60: =E60-F60 -> 0 | H60: 1459.91 | I60: 2500 | J60: =#REF!-I60 -> #REF! | K60: =IFERROR(E60/B60,"") -> 0.5 | L60: 0.5 | M60: =L60-K60 -> 0 | N60: =IFERROR(#REF!/E60,"") | O60: 250 | P60: =N60-O60 -> -250
A61: 45986 | B61: 17 | C61: 20 | D61: =B61-C61 -> -3 | E61: 13 | F61: 8 | G61: =E61-F61 -> 5 | H61: 2567.86 | I61: 2500 | J61: =H61-I61 -> 67.86 | K61: =IFERROR(E61/B61,"") -> 0.76470588 | L61: 0.5 | M61: =L61-K61 -> -0.26470588 | N61: =IFERROR(H61/E61,"") -> 197.52769 | O61: 250 | P61: =N61-O61 -> -52.472308
A62: 45987 | B62: 20 | C62: 20 | D62: =B62-C62 -> 0 | E62: 17 | F62: 8 | G62: =E62-F62 -> 9 | H62: 2890.43 | I62: 2500 | J62: =H62-I62 -> 390.43 | K62: =IFERROR(E62/B62,"") -> 0.85 | L62: 0.5 | M62: =L62-K62 -> -0.35 | N62: =IFERROR(H62/E62,"") -> 170.02529 | O62: 250 | P62: =N62-O62 -> -79.974706
A63: 45988 | B63: 27 | C63: 20 | D63: =B63-C63 -> 7 | E63: 20 | F63: 8 | G63: =E63-F63 -> 12 | H63: 3732.2 | I63: 2500 | J63: =H63-I63 -> 1232.2 | K63: =IFERROR(E63/B63,"") -> 0.74074074 | L63: 0.5 | M63: =L63-K63 -> -0.24074074 | N63: =IFERROR(H63/E63,"") -> 186.61 | O63: 250 | P63: =N63-O63 -> -63.39
A64: 45989 | B64: 18 | C64: 20 | D64: =B64-C64 -> -2 | E64: 19 | F64: 8 | G64: =E64-F64 -> 11 | H64: 3116.89 | I64: 2500 | J64: =H64-I64 -> 616.89 | K64: =IFERROR(E64/B64,"") -> 1.0555556 | L64: 0.5 | M64: =L64-K64 -> -0.55555556 | N64: =IFERROR(H64/E64,"") -> 164.04684 | O64: 250 | P64: =N64-O64 -> -85.953158
A65: 45990 | B65: 7 | C65: 4 | D65: =B65-C65 -> 3 | E65: 7 | F65: 5 | G65: =E65-F65 -> 2 | H65: 1203.97 | I65: 0 | J65: =H65-I65 -> 1203.97 | K65: =IFERROR(E65/B65,"") -> 1 | L65: 0 | M65: =L65-K65 -> -1 | N65: =IFERROR(H65/E65,"") -> 171.99571 | O65: 250 | P65: =N65-O65 -> -78.004286
A66: 45991 | B66: 0 | C66: 0 | D66: =B66-C66 -> 0 | E66: 0 | F66: 0 | G66: =E66-F66 -> 0 | H66: 0 | I66: 0 | J66: =H66-I66 -> 0 | K66: =IFERROR(E66/B66,"") | L66: 0 | M66: =L66-K66 -> 0 | N66: =IFERROR(H66/E66,"") | O66: 250 | P66: =N66-O66 -> -250
A67: Isabela Helena | B67: =SUM(B68:B97) -> 142 | C67: =SUM(C68:C97) -> 420 | D67: =SUM(D68:D97) -> -278 | E67: =SUM(E68:E97) -> 28 | F67: =SUM(F68:F97) -> 185 | G67: =SUM(G68:G97) -> -149 | H67: =SUM(H68:H97) -> 6316.08 | I67: =SUM(I68:I97) -> 15000 | J67: =SUM(J68:J97) -> -8683.92 | K67: =E67/B67 -> 0.1971831 | L67: 0.5 | M67: =K67-L67 -> -0.3028169 | N67: =IFERROR(H67/E67,"") -> 225.57429 | O67: =O68 -> 250 | P67: =N67-O67 -> -24.425714
A68: 45962 | B68: 0 | C68: 4 | D68: =B68-C68 -> -4 | E68: 0 | F68: 5 | G68: =E68-F68 -> -5 | H68: 0 | I68: 0 | J68: =H68-I68 -> 0 | K68: =IFERROR(E68/B68,"") | L68: 0 | M68: =L68-K68 -> 0 | N68: =IFERROR(H68/E68,"") | O68: 250 | P68: =N68-O68 -> -250
A69: 45963 | B69: 0 | C69: 0 | D69: =B69-C69 -> 0 | E69: 0 | F69: 0 | G69: =E69-F69 -> 0 | H69: 0 | I69: 0 | J69: =H69-I69 -> 0 | K69: =IFERROR(E69/B69,"") | L69: 0 | M69: =L69-K69 -> 0 | N69: =IFERROR(H69/E69,"") | O69: 250 | P69: =N69-O69 -> -250
A70: 45964 | B70: 0 | C70: 20 | D70: =B70-C70 -> -20 | E70: 0 | F70: 8 | G70: =E70-F70 -> -8 | H70: 0 | I70: 0 | J70: =H70-I70 -> 0 | K70: =IFERROR(E70/B70,"") | L70: 0.5 | M70: =L70-K70 -> 0.5 | N70: =IFERROR(H70/E70,"") | O70: 250 | P70: =N70-O70 -> -250
A71: 45965 | B71: 0 | C71: 20 | D71: =B71-C71 -> -20 | E71: 0 | F71: 8 | G71: =E71-F71 -> -8 | H71: 0 | I71: 0 | J71: =H71-I71 -> 0 | K71: =IFERROR(E71/B71,"") | L71: 0.5 | M71: =L71-K71 -> 0.5 | N71: =IFERROR(H71/E71,"") | O71: 250 | P71: =N71-O71 -> -250
A72: 45966 | B72: 0 | C72: 20 | D72: =B72-C72 -> -20 | E72: 0 | F72: 8 | G72: =E72-F72 -> -8 | H72: 0 | I72: 0 | J72: =H72-I72 -> 0 | K72: =IFERROR(E72/B72,"") | L72: 0.5 | M72: =L72-K72 -> 0.5 | N72: =IFERROR(H72/E72,"") | O72: 250 | P72: =N72-O72 -> -250 | R72: MIRIAN
A73: 45967 | B73: 0 | C73: 20 | D73: =B73-C73 -> -20 | E73: 0 | F73: 8 | G73: =E73-F73 -> -8 | H73: 0 | I73: 0 | J73: =H73-I73 -> 0 | K73: =IFERROR(E73/B73,"") | L73: 0.5 | M73: =L73-K73 -> 0.5 | N73: =IFERROR(H73/E73,"") | O73: 250 | P73: =N73-O73 -> -250 | R73: Outubro
A74: 45968 | B74: 0 | C74: 20 | D74: =B74-C74 -> -20 | E74: 0 | F74: 8 | H74: 0 | I74: 0 | J74: =H74-I74 -> 0 | K74: =IFERROR(E74/B74,"") | L74: 0.5 | M74: =L74-K74 -> 0.5 | N74: =IFERROR(H74/E74,"") | P74: =N74-O74 -> 0 | R74: Meta | S74: 15000
A75: 45969 | B75: 0 | C75: 4 | D75: =B75-C75 -> -4 | E75: 0 | F75: 5 | G75: =E75-F75 -> -5 | H75: 0 | I75: 0 | J75: =H75-I75 -> 0 | K75: =IFERROR(E75/B75,"") | L75: 0 | M75: =L75-K75 -> 0 | N75: =IFERROR(H75/E75,"") | O75: 250 | P75: =N75-O75 -> -250 | R75: Meta x Dia | S75: =S74/30 -> 500
A76: 45970 | B76: 0 | C76: 0 | D76: =B76-C76 -> 0 | E76: 0 | F76: 0 | G76: =E76-F76 -> 0 | H76: 0 | I76: 0 | J76: =H76-I76 -> 0 | K76: =IFERROR(E76/B76,"") | L76: 0 | M76: =L76-K76 -> 0 | N76: =IFERROR(H76/E76,"") | O76: 250 | P76: =N76-O76 -> -250 | R76: Meta x Dia Útil | S76: =S74/15 -> 1000
A77: 45971 | B77: 3 | C77: 20 | D77: =B77-C77 -> -17 | E77: 2 | F77: 8 | G77: =E77-F77 -> -6 | H77: 704.99 | I77: 1000 | J77: =H77-I77 -> -295.01 | K77: =IFERROR(E77/B77,"") -> 0.66666667 | L77: 0.5 | M77: =L77-K77 -> -0.16666667 | N77: =IFERROR(H77/E77,"") -> 352.495 | O77: 250 | P77: =N77-O77 -> 102.495 | R77: Realizado | S77: =H67 -> 6316.08 | T77: =S74-S77 -> 8683.92
A78: 45972 | B78: 15 | C78: 20 | D78: =B78-C78 -> -5 | E78: 1 | F78: 8 | G78: =E78-F78 -> -7 | H78: 274.12 | I78: 1000 | J78: =H78-I78 -> -725.88 | K78: =IFERROR(E78/B78,"") -> 0.066666667 | L78: 0.5 | M78: =L78-K78 -> 0.43333333 | N78: =IFERROR(H78/E78,"") -> 274.12 | O78: 250 | P78: =N78-O78 -> 24.12 | R78: % da Meta | S78: =S77/S74 -> 0.421072
A79: 45973 | B79: 15 | C79: 20 | D79: =B79-C79 -> -5 | E79: 2 | F79: 8 | G79: =E79-F79 -> -6 | H79: 365 | I79: 1000 | J79: =H79-I79 -> -635 | K79: =IFERROR(E79/B79,"") -> 0.13333333 | L79: 0.5 | M79: =L79-K79 -> 0.36666667 | N79: =IFERROR(H79/E79,"") -> 182.5 | O79: 250 | P79: =N79-O79 -> -67.5 | R79: Dias Útil Restante | S79: 2
A80: 45974 | B80: 15 | C80: 20 | D80: =B80-C80 -> -5 | E80: 2 | F80: 8 | G80: =E80-F80 -> -6 | H80: 259 | I80: 1000 | J80: =H80-I80 -> -741 | K80: =IFERROR(E80/B80,"") -> 0.13333333 | L80: 0.5 | M80: =L80-K80 -> 0.36666667 | N80: =IFERROR(H80/E80,"") -> 129.5 | O80: 250 | P80: =N80-O80 -> -120.5 | R80: Meta dia Acumulado | S80: =(S74-S77)/S79 -> 4341.96
A81: 45975 | B81: 0 | C81: 20 | D81: =B81-C81 -> -20 | E81: 0 | F81: 8 | G81: =E81-F81 -> -8 | H81: 0 | I81: 1000 | J81: =H81-I81 -> -1000 | K81: =IFERROR(E81/B81,"") | L81: 0.5 | M81: =L81-K81 -> 0.5 | N81: =IFERROR(H81/E81,"") | O81: 250 | P81: =N81-O81 -> -250 | R81: Ticket Médio | S81: =N67 -> 225.57429
A82: 45976 | B82: 0 | C82: 4 | D82: =B82-C82 -> -4 | E82: 0 | F82: 5 | G82: =E82-F82 -> -5 | H82: 0 | I82: 0 | J82: =H82-I82 -> 0 | K82: =IFERROR(E82/B82,"") | L82: 0 | M82: =L82-K82 -> 0 | N82: =IFERROR(H82/E82,"") | O82: 250 | P82: =N82-O82 -> -250 | R82: Nº Leads | S82: =B67 -> 142
A83: 45977 | B83: 0 | C83: 0 | D83: =B83-C83 -> 0 | E83: 0 | F83: 0 | G83: =E83-F83 -> 0 | H83: 0 | I83: 0 | J83: =H83-I83 -> 0 | K83: =IFERROR(E83/B83,"") | L83: 0 | M83: =L83-K83 -> 0 | N83: =IFERROR(H83/E83,"") | O83: 250 | P83: =N83-O83 -> -250 | R83: Nº Vendas | S83: =E67 -> 28
A84: 45978 | B84: 13 | C84: 20 | D84: =B84-C84 -> -7 | E84: 3 | F84: 8 | G84: =E84-F84 -> -5 | H84: 269.64 | I84: 1000 | J84: =H84-I84 -> -730.36 | K84: =IFERROR(E84/B84,"") -> 0.23076923 | L84: 0.5 | M84: =L84-K84 -> 0.26923077 | N84: =IFERROR(H84/E84,"") -> 89.88 | O84: 250 | P84: =N84-O84 -> -160.12 | R84: Taxa Conversão | S84: =E67/B67 -> 0.1971831
A85: 45979 | B85: 12 | C85: 20 | D85: =B85-C85 -> -8 | E85: 1 | F85: 8 | G85: =E85-F85 -> -7 | H85: 236.8 | I85: 1000 | J85: =H85-I85 -> -763.2 | K85: =IFERROR(E85/B85,"") -> 0.083333333 | L85: 0.5 | M85: =L85-K85 -> 0.41666667 | N85: =IFERROR(H85/E85,"") -> 236.8 | O85: 250 | P85: =N85-O85 -> -13.2
A86: 45980 | B86: 11 | C86: 20 | D86: =B86-C86 -> -9 | E86: 1 | F86: 8 | G86: =E86-F86 -> -7 | H86: 148 | I86: 1000 | J86: =H86-I86 -> -852 | K86: =IFERROR(E86/B86,"") -> 0.090909091 | L86: 0.5 | M86: =L86-K86 -> 0.40909091 | N86: =IFERROR(H86/E86,"") -> 148 | O86: 250 | P86: =N86-O86 -> -102
A87: 45981 | B87: 2 | C87: 20 | D87: =B87-C87 -> -18 | E87: 1 | F87: 8 | G87: =E87-F87 -> -7 | H87: 226.9 | I87: 1000 | J87: =H87-I87 -> -773.1 | K87: =IFERROR(E87/B87,"") -> 0.5 | L87: 0.5 | M87: =L87-K87 -> 0 | N87: =IFERROR(H87/E87,"") -> 226.9 | O87: 250 | P87: =N87-O87 -> -23.1
A88: 45982 | B88: 10 | C88: 20 | D88: =B88-C88 -> -10 | E88: 0 | F88: 8 | G88: =E88-F88 -> -8 | H88: 0 | I88: 1000 | J88: =H88-I88 -> -1000 | K88: =IFERROR(E88/B88,"") -> 0 | L88: 0.5 | M88: =L88-K88 -> 0.5 | N88: =IFERROR(H88/E88,"") | O88: 250 | P88: =N88-O88 -> -250
A89: 45983 | B89: 1 | C89: 4 | D89: =B89-C89 -> -3 | E89: 0 | F89: 5 | G89: =E89-F89 -> -5 | H89: 0 | I89: 0 | J89: =H89-I89 -> 0 | K89: =IFERROR(E89/B89,"") -> 0 | L89: 0 | M89: =L89-K89 -> 0 | N89: =IFERROR(H89/E89,"") | O89: 250 | P89: =N89-O89 -> -250
A90: 45984 | B90: 0 | C90: 0 | D90: =B90-C90 -> 0 | E90: 0 | F90: 0 | G90: =E90-F90 -> 0 | H90: 0 | I90: 0 | J90: =H90-I90 -> 0 | K90: =IFERROR(E90/B90,"") | L90: 0 | M90: =L90-K90 -> 0 | N90: =IFERROR(H90/E90,"") | O90: 250 | P90: =N90-O90 -> -250
A91: 45985 | B91: 10 | C91: 20 | D91: =B91-C91 -> -10 | E91: 2 | F91: 8 | G91: =E91-F91 -> -6 | H91: 362.79 | I91: 1000 | J91: =H91-I91 -> -637.21 | K91: =IFERROR(E91/B91,"") -> 0.2 | L91: 0.5 | M91: =L91-K91 -> 0.3 | N91: =IFERROR(H91/E91,"") -> 181.395 | O91: 250 | P91: =N91-O91 -> -68.605
A92: 45986 | B92: 11 | C92: 20 | D92: =B92-C92 -> -9 | E92: 5 | F92: 8 | G92: =E92-F92 -> -3 | H92: 1178.59 | I92: 1000 | J92: =H92-I92 -> 178.59 | K92: =IFERROR(E92/B92,"") -> 0.45454545 | L92: 0.5 | M92: =L92-K92 -> 0.045454545 | N92: =IFERROR(H92/E92,"") -> 235.718 | O92: 250 | P92: =N92-O92 -> -14.282
A93: 45987 | B93: 11 | C93: 20 | D93: =B93-C93 -> -9 | E93: 2 | F93: 8 | G93: =E93-F93 -> -6 | H93: 363.92 | I93: 1000 | J93: =H93-I93 -> -636.08 | K93: =IFERROR(E93/B93,"") -> 0.18181818 | L93: 0.5 | M93: =L93-K93 -> 0.31818182 | N93: =IFERROR(H93/E93,"") -> 181.96 | O93: 250 | P93: =N93-O93 -> -68.04
A94: 45988 | B94: 7 | C94: 20 | D94: =B94-C94 -> -13 | E94: 4 | F94: 8 | G94: =E94-F94 -> -4 | H94: 1389.9 | I94: 1000 | J94: =H94-I94 -> 389.9 | K94: =IFERROR(E94/B94,"") -> 0.57142857 | L94: 0.5 | M94: =L94-K94 -> -0.071428571 | N94: =IFERROR(H94/E94,"") -> 347.475 | O94: 250 | P94: =N94-O94 -> 97.475
A95: 45989 | B95: 6 | C95: 20 | D95: =B95-C95 -> -14 | E95: 2 | F95: 8 | G95: =E95-F95 -> -6 | H95: 536.43 | I95: 1000 | J95: =H95-I95 -> -463.57 | K95: =IFERROR(E95/B95,"") -> 0.33333333 | L95: 0.5 | M95: =L95-K95 -> 0.16666667 | N95: =IFERROR(H95/E95,"") -> 268.215 | O95: 250 | P95: =N95-O95 -> 18.215
A96: 45990 | B96: 0 | C96: 4 | D96: =B96-C96 -> -4 | E96: 0 | F96: 5 | G96: =E96-F96 -> -5 | H96: 0 | I96: 0 | J96: =H96-I96 -> 0 | K96: =IFERROR(E96/B96,"") | L96: 0 | M96: =L96-K96 -> 0 | N96: =IFERROR(H96/E96,"") | O96: 250 | P96: =N96-O96 -> -250
A97: 45991 | B97: 0 | C97: 0 | D97: =B97-C97 -> 0 | E97: 0 | F97: 0 | G97: =E97-F97 -> 0 | H97: 0 | I97: 0 | J97: =H97-I97 -> 0 | K97: =IFERROR(E97/B97,"") | L97: 0 | M97: =L97-K97 -> 0 | N97: =IFERROR(H97/E97,"") | O97: 250 | P97: =N97-O97 -> -250
A98: Gabriela Helena | B98: =SUM(B99:B128) -> 147 | C98: =SUM(C99:C128) -> 420 | D98: =SUM(D99:D128) -> -273 | E98: =SUM(E99:E128) -> 37 | F98: =SUM(F99:F128) -> 185 | G98: =SUM(G99:G128) -> -140 | H98: =SUM(H99:H128) -> 11267.56 | I98: =SUM(I99:I128) -> 15000 | J98: =SUM(J99:J128) -> -3732.44 | K98: =E98/B98 -> 0.25170068 | L98: 0.5 | M98: =K98-L98 -> -0.24829932 | N98: =IFERROR(H98/E98,"") -> 304.52865 | O98: =O99 -> 250 | P98: =N98-O98 -> 54.528649
A99: 45962 | B99: 0 | C99: 4 | D99: =B99-C99 -> -4 | E99: 0 | F99: 5 | G99: =E99-F99 -> -5 | H99: 0 | I99: 0 | J99: =H99-I99 -> 0 | K99: =IFERROR(E99/B99,"") | L99: 0 | M99: =L99-K99 -> 0 | N99: =IFERROR(H99/E99,"") | O99: 250 | P99: =N99-O99 -> -250
A100: 45963 | B100: 0 | C100: 0 | D100: =B100-C100 -> 0 | E100: 0 | F100: 0 | G100: =E100-F100 -> 0 | H100: 0 | I100: 0 | J100: =H100-I100 -> 0 | K100: =IFERROR(E100/B100,"") | L100: 0 | M100: =L100-K100 -> 0 | N100: =IFERROR(H100/E100,"") | O100: 250 | P100: =N100-O100 -> -250
A101: 45964 | B101: 0 | C101: 20 | D101: =B101-C101 -> -20 | E101: 0 | F101: 8 | G101: =E101-F101 -> -8 | H101: 0 | I101: 0 | J101: =H101-I101 -> 0 | K101: =IFERROR(E101/B101,"") | L101: 0.5 | M101: =L101-K101 -> 0.5 | N101: =IFERROR(H101/E101,"") | O101: 250 | P101: =N101-O101 -> -250
A102: 45965 | B102: 0 | C102: 20 | D102: =B102-C102 -> -20 | E102: 0 | F102: 8 | G102: =E102-F102 -> -8 | H102: 0 | I102: 0 | J102: =H102-I102 -> 0 | K102: =IFERROR(E102/B102,"") | L102: 0.5 | M102: =L102-K102 -> 0.5 | N102: =IFERROR(H102/E102,"") | O102: 250 | P102: =N102-O102 -> -250
A103: 45966 | B103: 0 | C103: 20 | D103: =B103-C103 -> -20 | E103: 0 | F103: 8 | G103: =E103-F103 -> -8 | H103: 0 | I103: 0 | J103: =H103-I103 -> 0 | K103: =IFERROR(E103/B103,"") | L103: 0.5 | M103: =L103-K103 -> 0.5 | N103: =IFERROR(H103/E103,"") | O103: 250 | P103: =N103-O103 -> -250 | R103: MIRIAN
A104: 45967 | B104: 0 | C104: 20 | D104: =B104-C104 -> -20 | E104: 0 | F104: 8 | G104: =E104-F104 -> -8 | H104: 0 | I104: 0 | J104: =H104-I104 -> 0 | K104: =IFERROR(E104/B104,"") | L104: 0.5 | M104: =L104-K104 -> 0.5 | N104: =IFERROR(H104/E104,"") | O104: 250 | P104: =N104-O104 -> -250 | R104: Outubro
...

Sheet Compra - 12
A1: Indicadores | B1: Leads | E1: Nº Vendas | H1: Faturamento | K1: Taxa Conversão | N1: Ticket Médio
A2: Data | B2: Realizado | C2: Meta | D2: Gap | E2: Realizado 2 | F2: Meta 2 | G2: Gap 2 | H2: Realizado 3 | I2: Meta 3 | J2: Gap 3 | K2: Realizado 4 | L2: Meta 4 | M2: Gap 4 | N2: Realizado 5 | O2: Meta 5 | P2: Gap 5
A3: 2025
A4: Dezembro | B4: =B5+B37+B69+B101 -> 1058 | C4: =C5+C37+C69+C101 -> 3243 | D4: =D5 -> -538 | E4: =E5+E37+E69+E101 -> 440 | F4: =F5+F37+F69+F101 -> 1078.1 | G4: =G5 -> -75 | H4: =H5+H37+H69+H101 -> 105326.67 | I4: =I5+I37+I69+I101 -> 239750 | J4: =J5 -> -35239.32 | K4: =E4/B4 -> 0.41587902 | L4: =L5 -> 0.3 | M4: =K4-L4 -> 0.11587902 | N4: =AVERAGE(N5:N101) -> 253.21381 | O4: =O5 -> 250 | P4: =P5 -> -9.0261818
A5: Thalia | B5: =SUM(B6:B35) -> 589 | C5: =SUM(C6:C36) -> 1127 | D5: =SUM(D6:D35) -> -538 | E5: =SUM(E6:E35) -> 165 | F5: =C5*30% -> 338.1 | G5: =SUM(G6:G35) -> -75 | H5: =SUM(H6:H35) -> 39760.68 | I5: =SUM(I6:I35) -> 75000 | J5: =SUM(J6:J35) -> -35239.32 | K5: =E5/B5 -> 0.28013582 | L5: 0.3 | M5: =K5-L5 -> -0.019864177 | N5: =IFERROR(H5/E5,"") -> 240.97382 | O5: 250 | P5: =N5-O5 -> -9.0261818
A6: 45992 | B6: 48 | C6: 49 | D6: =B6-C6 -> -1 | E6: 10 | F6: 12 | G6: =E6-F6 -> -2 | H6: 3379.78 | I6: 3750 | J6: =H6-I6 -> -370.22 | K6: =E6/B6 -> 0.20833333 | L6: 0.3 | M6: =L6-K6 -> 0.091666667 | N6: =IFERROR(H6/E6,"") -> 337.978 | O6: 250 | P6: =N6-O6 -> 87.978 | R6: THALIA
A7: 45993 | B7: 48 | C7: 49 | D7: =B7-C7 -> -1 | E7: 18 | F7: 12 | G7: =E7-F7 -> 6 | H7: 3484.06 | I7: 3750 | J7: =H7-I7 -> -265.94 | K7: =E7/B7 -> 0.375 | L7: 0.3 | M7: =L7-K7 -> -0.075 | N7: =IFERROR(H7/E7,"") -> 193.55889 | O7: 250 | P7: =N7-O7 -> -56.441111 | R7: DEZEMBRO
A8: 45994 | B8: 49 | C8: 49 | D8: =B8-C8 -> 0 | E8: 11 | F8: 12 | G8: =E8-F8 -> -1 | H8: 2051.6 | I8: 3750 | J8: =H8-I8 -> -1698.4 | K8: =E8/B8 -> 0.2244898 | L8: 0.3 | M8: =L8-K8 -> 0.075510204 | N8: =IFERROR(H8/E8,"") -> 186.50909 | O8: 250 | P8: =N8-O8 -> -63.490909 | R8: Meta | S8: 75000 | T8: =S8-S11 -> 35239.32
A9: 45995 | B9: 46 | C9: 49 | D9: =B9-C9 -> -3 | E9: 9 | F9: 12 | G9: =E9-F9 -> -3 | H9: 1786.24 | I9: 3750 | J9: =H9-I9 -> -1963.76 | K9: =E9/B9 -> 0.19565217 | L9: 0.3 | M9: =L9-K9 -> 0.10434783 | N9: =IFERROR(H9/E9,"") -> 198.47111 | O9: 250 | P9: =N9-O9 -> -51.528889 | R9: Meta x Dia | S9: =S8/30 -> 2500
A10: 45996 | B10: 56 | C10: 49 | D10: =B10-C10 -> 7 | E10: 12 | F10: 12 | G10: =E10-F10 -> 0 | H10: 2512.15 | I10: 3750 | J10: =H10-I10 -> -1237.85 | K10: =E10/B10 -> 0.21428571 | L10: 0.3 | M10: =L10-K10 -> 0.085714286 | N10: =IFERROR(H10/E10,"") -> 209.34583 | O10: 250 | P10: =N10-O10 -> -40.654167 | R10: Meta x Dia Útil | S10: =S8/20 -> 3750
A11: 45997 | B11: 9 | C11: 49 | D11: =B11-C11 -> -40 | E11: 7 | F11: 0 | G11: =E11-F11 -> 7 | H11: 611.96 | I11: 0 | J11: =H11-I11 -> 611.96 | K11: =E11/B11 -> 0.77777778 | L11: 0.3 | M11: =L11-K11 -> -0.47777778 | N11: =IFERROR(H11/E11,"") -> 87.422857 | O11: 250 | P11: =N11-O11 -> -162.57714 | R11: Realizado | S11: =H5 -> 39760.68
A12: 45998 | H12: 0 | R12: % da Meta | S12: =S11/S8 -> 0.5301424
A13: 45999 | B13: 36 | C13: 49 | D13: =B13-C13 -> -13 | E13: 8 | F13: 12 | G13: =E13-F13 -> -4 | H13: 2037.44 | I13: 3750 | J13: =H13-I13 -> -1712.56 | K13: =E13/B13 -> 0.22222222 | L13: 0.3 | M13: =L13-K13 -> 0.077777778 | N13: =IFERROR(H13/E13,"") -> 254.68 | O13: 250 | P13: =N13-O13 -> 4.68 | R13: Dias Útil Restante | S13: 4
A14: 46000 | B14: 34 | C14: 49 | D14: =B14-C14 -> -15 | E14: 11 | F14: 12 | G14: =E14-F14 -> -1 | H14: 3366.49 | I14: 3750 | J14: =H14-I14 -> -383.51 | K14: =E14/B14 -> 0.32352941 | L14: 0.3 | M14: =L14-K14 -> -0.023529412 | N14: =IFERROR(H14/E14,"") -> 306.04455 | O14: 250 | P14: =N14-O14 -> 56.044545 | R14: Meta dia Acumulado | S14: =(S8-S11)/S13 -> 8809.83
A15: 46001 | B15: 32 | C15: 49 | D15: =B15-C15 -> -17 | E15: 9 | F15: 12 | G15: =E15-F15 -> -3 | H15: 2473.49 | I15: 3750 | J15: =H15-I15 -> -1276.51 | K15: =E15/B15 -> 0.28125 | L15: 0.3 | M15: =L15-K15 -> 0.01875 | N15: =IFERROR(H15/E15,"") -> 274.83222 | O15: 250 | P15: =N15-O15 -> 24.832222 | R15: Ticket Médio | S15: =N5 -> 240.97382
A16: 46002 | B16: 31 | C16: 49 | D16: =B16-C16 -> -18 | E16: 13 | F16: 12 | G16: =E16-F16 -> 1 | H16: 2151.71 | I16: 3750 | J16: =H16-I16 -> -1598.29 | K16: =E16/B16 -> 0.41935484 | L16: 0.3 | M16: =L16-K16 -> -0.11935484 | N16: =IFERROR(H16/E16,"") -> 165.51615 | O16: 250 | P16: =N16-O16 -> -84.483846 | R16: Nº Leads | S16: =B5 -> 589
A17: 46003 | B17: 21 | C17: 49 | D17: =B17-C17 -> -28 | E17: 5 | F17: 12 | G17: =E17-F17 -> -7 | H17: 955.06 | I17: 3750 | J17: =H17-I17 -> -2794.94 | K17: =E17/B17 -> 0.23809524 | L17: 0.3 | M17: =L17-K17 -> 0.061904762 | N17: =IFERROR(H17/E17,"") -> 191.012 | O17: 250 | P17: =N17-O17 -> -58.988 | R17: Nº Vendas | S17: =E5 -> 165
A18: 46004 | B18: 0 | C18: 49 | D18: =B18-C18 -> -49 | E18: 3 | F18: 0 | G18: =E18-F18 -> 3 | H18: 468.47 | I18: 0 | J18: =H18-I18 -> 468.47 | K18: =E18/B18 -> #DIV/0! | L18: 0.3 | M18: =L18-K18 -> #DIV/0! | N18: =IFERROR(H18/E18,"") -> 156.15667 | O18: 250 | P18: =N18-O18 -> -93.843333 | R18: Taxa Conversão | S18: =E5/B5 -> 0.28013582
A19: 46005 | H19: 0
A20: 46006 | B20: 47 | C20: 49 | D20: =B20-C20 -> -2 | E20: 10 | F20: 12 | G20: =E20-F20 -> -2 | H20: 3826.51 | I20: 3750 | J20: =H20-I20 -> 76.51 | K20: =E20/B20 -> 0.21276596 | L20: 0.3 | M20: =L20-K20 -> 0.087234043 | N20: =IFERROR(H20/E20,"") -> 382.651 | O20: 250 | P20: =N20-O20 -> 132.651
A21: 46007 | B21: 45 | C21: 49 | D21: =B21-C21 -> -4 | E21: 10 | F21: 12 | G21: =E21-F21 -> -2 | H21: 1769.5 | I21: 3750 | J21: =H21-I21 -> -1980.5 | K21: =E21/B21 -> 0.22222222 | L21: 0.3 | M21: =L21-K21 -> 0.077777778 | N21: =IFERROR(H21/E21,"") -> 176.95 | O21: 250 | P21: =N21-O21 -> -73.05
A22: 46008 | B22: 31 | C22: 49 | D22: =B22-C22 -> -18 | E22: 7 | F22: 12 | G22: =E22-F22 -> -5 | H22: 1908.02 | I22: 3750 | J22: =H22-I22 -> -1841.98 | K22: =E22/B22 -> 0.22580645 | L22: 0.3 | M22: =L22-K22 -> 0.074193548 | N22: =IFERROR(H22/E22,"") -> 272.57429 | O22: 250 | P22: =N22-O22 -> 22.574286
A23: 46009 | B23: 15 | C23: 49 | D23: =B23-C23 -> -34 | E23: 6 | F23: 12 | G23: =E23-F23 -> -6 | H23: 3946.56 | I23: 3750 | J23: =H23-I23 -> 196.56 | K23: =E23/B23 -> 0.4 | L23: 0.3 | M23: =L23-K23 -> -0.1 | N23: =IFERROR(H23/E23,"") -> 657.76 | O23: 250 | P23: =N23-O23 -> 407.76
A24: 46010 | B24: 12 | C24: 49 | D24: =B24-C24 -> -37 | E24: 6 | F24: 12 | G24: =E24-F24 -> -6 | H24: 1323.62 | I24: 3750 | J24: =H24-I24 -> -2426.38 | K24: =E24/B24 -> 0.5 | L24: 0.3 | M24: =L24-K24 -> -0.2 | N24: =IFERROR(H24/E24,"") -> 220.60333 | O24: 250 | P24: =N24-O24 -> -29.396667
A25: 46011 | B25: 6 | C25: 49 | D25: =B25-C25 -> -43 | E25: 2 | F25: 0 | G25: =E25-F25 -> 2 | H25: 172.06 | I25: 0 | J25: =H25-I25 -> 172.06 | K25: =E25/B25 -> 0.33333333 | L25: 0.3 | M25: =L25-K25 -> -0.033333333 | N25: =IFERROR(H25/E25,"") -> 86.03 | O25: 250 | P25: =N25-O25 -> -163.97
A26: 46012 | H26: 0
A27: 46013 | B27: 23 | C27: 49 | D27: =B27-C27 -> -26 | E27: 8 | F27: 12 | G27: =E27-F27 -> -4 | H27: 1535.96 | I27: 3750 | J27: =H27-I27 -> -2214.04 | K27: =E27/B27 -> 0.34782609 | L27: 0.3 | M27: =L27-K27 -> -0.047826087 | N27: =IFERROR(H27/E27,"") -> 191.995 | O27: 250 | P27: =N27-O27 -> -58.005
A28: 46014 | B28: 0 | C28: 49 | D28: =B28-C28 -> -49 | E28: 0 | F28: 12 | G28: =E28-F28 -> -12 | H28: 0 | I28: 3750 | J28: =H28-I28 -> -3750 | K28: =E28/B28 -> #DIV/0! | L28: 0.3 | M28: =L28-K28 -> #DIV/0! | N28: =IFERROR(H28/E28,"") | O28: 250 | P28: =N28-O28 -> -250
A29: 46015 | B29: 0 | C29: 0 | D29: 0 | E29: 0 | F29: 0 | G29: =E29-F29 -> 0 | H29: 0 | I29: 0 | J29: =H29-I29 -> 0 | K29: =E29/B29 -> #DIV/0! | L29: 0.3 | M29: =L29-K29 -> #DIV/0! | N29: =IFERROR(H29/E29,"") | O29: 250 | P29: =N29-O29 -> -250
A30: 46016 | B30: 0 | C30: 0 | D30: 0 | E30: 0 | F30: 0 | G30: =E30-F30 -> 0 | H30: 0 | I30: 0 | J30: =H30-I30 -> 0 | K30: =E30/B30 -> #DIV/0! | L30: 0.3 | M30: =L30-K30 -> #DIV/0! | N30: =IFERROR(H30/E30,"") | O30: 250 | P30: =N30-O30 -> -250
A31: 46017 | B31: 0 | C31: 49 | D31: =B31-C31 -> -49 | E31: 0 | F31: 12 | G31: =E31-F31 -> -12 | H31: 0 | I31: 3750 | J31: =H31-I31 -> -3750 | K31: =E31/B31 -> #DIV/0! | L31: 0.3 | M31: =L31-K31 -> #DIV/0! | N31: =IFERROR(H31/E31,"") | O31: 250 | P31: =N31-O31 -> -250
A32: 46018 | B32: 0 | C32: 49 | D32: =B32-C32 -> -49 | E32: 0 | F32: 12 | G32: =E32-F32 -> -12 | H32: 0 | I32: 3750 | J32: =H32-I32 -> -3750 | K32: =E32/B32 -> #DIV/0! | L32: 0.3 | M32: =L32-K32 -> #DIV/0! | N32: =IFERROR(H32/E32,"") | O32: 250 | P32: =N32-O32 -> -250
A33: 46019
A34: 46020 | B34: 0 | C34: 49 | D34: =B34-C34 -> -49 | E34: 0 | F34: 12 | G34: =E34-F34 -> -12 | H34: 0 | I34: 3750 | J34: =H34-I34 -> -3750 | K34: =E34/B34 -> #DIV/0! | L34: 0.3 | M34: =L34-K34 -> #DIV/0! | N34: =IFERROR(H34/E34,"") | O34: 250 | P34: =N34-O34 -> -250
A35: 46021 | B35: 0 | C35: 0 | D35: 0 | E35: 0 | F35: 0 | G35: =E35-F35 -> 0 | H35: 0 | I35: 0 | J35: =H35-I35 -> 0 | K35: =E35/B35 -> #DIV/0! | L35: 0.3 | M35: =L35-K35 -> #DIV/0! | N35: =IFERROR(H35/E35,"") | O35: 250 | P35: =N35-O35 -> -250
A36: 46022 | B36: 0 | C36: 0 | D36: 0 | E36: 0 | F36: 0 | G36: =E36-F36 -> 0 | H36: 0 | I36: 0 | J36: =H36-I36 -> 0 | K36: =E36/B36 -> #DIV/0! | L36: 0.3 | M36: =L36-K36 -> #DIV/0! | N36: =IFERROR(H36/E36,"") | O36: 250 | P36: =N36-O36 -> -250
A37: Mirian | B37: =SUM(B38:B67) -> 255 | C37: =SUM(C38:C67) -> 460 | D37: =SUM(D38:D67) -> -205 | E37: =SUM(E38:E67) -> 205 | F37: =SUM(F38:F67) -> 299 | G37: =SUM(G38:G67) -> -94 | H37: =SUM(H38:H67) -> 47680.71 | I37: =SUM(I38:I67) -> 74750 | J37: =SUM(J38:J67) -> -27069.29 | K37: =E37/B37 -> 0.80392157 | L37: 0.5 | M37: =K37-L37 -> 0.30392157 | N37: =IFERROR(H37/E37,"") -> 232.58883 | O37: =O38 -> 250 | P37: =N37-O37 -> -17.411171
A38: 45992 | B38: 21 | C38: 20 | D38: =B38-C38 -> 1 | E38: 15 | F38: 13 | G38: =E38-F38 -> 2 | H38: 2982.33 | I38: 3250 | J38: =H38-I38 -> -267.67 | K38: =E38/B38 -> 0.71428571 | L38: 0.3 | M38: =L38-K38 -> -0.41428571 | N38: =IFERROR(H38/E38,"") -> 198.822 | O38: 250 | P38: =N38-O38 -> -51.178 | R38: MIRIAN
A39: 45993 | B39: 14 | C39: 20 | D39: =B39-C39 -> -6 | E39: 10 | F39: 13 | G39: =E39-F39 -> -3 | H39: 2280.72 | I39: 3250 | J39: =H39-I39 -> -969.28 | K39: =E39/B39 -> 0.71428571 | L39: 0.3 | M39: =L39-K39 -> -0.41428571 | N39: =IFERROR(H39/E39,"") -> 228.072 | O39: 250 | P39: =N39-O39 -> -21.928 | R39: Outubro
A40: 45994 | B40: 14 | C40: 20 | D40: =B40-C40 -> -6 | E40: 10 | F40: 13 | G40: =E40-F40 -> -3 | H40: 2159.59 | I40: 3250 | J40: =H40-I40 -> -1090.41 | K40: =E40/B40 -> 0.71428571 | L40: 0.3 | M40: =L40-K40 -> -0.41428571 | N40: =IFERROR(H40/E40,"") -> 215.959 | O40: 250 | P40: =N40-O40 -> -34.041 | R40: Meta | S40: 65000 | T40: =S40-S43 -> 17319.29
A41: 45995 | B41: 13 | C41: 20 | D41: =B41-C41 -> -7 | E41: 5 | F41: 13 | G41: =E41-F41 -> -8 | H41: 1409.2 | I41: 3250 | J41: =H41-I41 -> -1840.8 | K41: =E41/B41 -> 0.38461538 | L41: 0.3 | M41: =L41-K41 -> -0.084615385 | N41: =IFERROR(H41/E41,"") -> 281.84 | O41: 250 | P41: =N41-O41 -> 31.84 | R41: Meta x Dia | S41: =S40/30 -> 2166.6667
A42: 45996 | B42: 8 | C42: 20 | D42: =B42-C42 -> -12 | E42: 6 | F42: 13 | G42: =E42-F42 -> -7 | H42: 1802.35 | I42: 3250 | J42: =H42-I42 -> -1447.65 | K42: =E42/B42 -> 0.75 | L42: 0.3 | M42: =L42-K42 -> -0.45 | N42: =IFERROR(H42/E42,"") -> 300.39167 | O42: 250 | P42: =N42-O42 -> 50.391667 | R42: Meta x Dia Útil | S42: =S40/20 -> 3250
A43: 45997 | B43: 3 | C43: 20 | D43: =B43-C43 -> -17 | E43: 0 | F43: 13 | G43: =E43-F43 -> -13 | H43: 0 | I43: 3250 | J43: =H43-I43 -> -3250 | K43: =E43/B43 -> 0 | L43: 0.3 | M43: =L43-K43 -> 0.3 | N43: =IFERROR(H43/E43,"") | O43: 250 | P43: =N43-O43 -> -250 | R43: Realizado | S43: =H37 -> 47680.71
A44: 45998 | R44: % da Meta | S44: =S43/S40 -> 0.73354938
A45: 45999 | B45: 14 | C45: 20 | D45: =B45-C45 -> -6 | E45: 6 | F45: 13 | G45: =E45-F45 -> -7 | H45: 770.47 | I45: 3250 | J45: =H45-I45 -> -2479.53 | K45: =E45/B45 -> 0.42857143 | L45: 0.3 | M45: =L45-K45 -> -0.12857143 | N45: =IFERROR(H45/E45,"") -> 128.41167 | O45: 250 | P45: =N45-O45 -> -121.58833 | R45: Dias Útil Restante | S45: 4
A46: 46000 | B46: 20 | C46: 20 | D46: =B46-C46 -> 0 | E46: 14 | F46: 13 | G46: =E46-F46 -> 1 | H46: 3439.51 | I46: 3250 | J46: =H46-I46 -> 189.51 | K46: =E46/B46 -> 0.7 | L46: 0.3 | M46: =L46-K46 -> -0.4 | N46: =IFERROR(H46/E46,"") -> 245.67929 | O46: 250 | P46: =N46-O46 -> -4.3207143 | R46: Meta dia Acumulado | S46: =(S40-S43)/S45 -> 4329.8225
A47: 46001 | B47: 16 | C47: 20 | D47: =B47-C47 -> -4 | E47: 11 | F47: 13 | G47: =E47-F47 -> -2 | H47: 2291.5 | I47: 3250 | J47: =H47-I47 -> -958.5 | K47: =E47/B47 -> 0.6875 | L47: 0.3 | M47: =L47-K47 -> -0.3875 | N47: =IFERROR(H47/E47,"") -> 208.31818 | O47: 250 | P47: =N47-O47 -> -41.681818 | R47: Ticket Médio | S47: =N37 -> 232.58883
A48: 46002 | B48: 21 | C48: 20 | D48: =B48-C48 -> 1 | E48: 18 | F48: 13 | G48: =E48-F48 -> 5 | H48: 3182.34 | I48: 3250 | J48: =H48-I48 -> -67.66 | K48: =E48/B48 -> 0.85714286 | L48: 0.3 | M48: =L48-K48 -> -0.55714286 | N48: =IFERROR(H48/E48,"") -> 176.79667 | O48: 250 | P48: =N48-O48 -> -73.203333 | R48: Nº Leads | S48: =B37 -> 255
A49: 46003 | B49: 17 | C49: 20 | D49: =B49-C49 -> -3 | E49: 16 | F49: 13 | G49: =E49-F49 -> 3 | H49: 5094.3 | I49: 3250 | J49: =H49-I49 -> 1844.3 | K49: =E49/B49 -> 0.94117647 | L49: 0.3 | M49: =L49-K49 -> -0.64117647 | N49: =IFERROR(H49/E49,"") -> 318.39375 | O49: 250 | P49: =N49-O49 -> 68.39375 | R49: Nº Vendas | S49: =E37 -> 205
A50: 46004 | B50: 0 | C50: 20 | D50: =B50-C50 -> -20 | E50: 3 | F50: 13 | G50: =E50-F50 -> -10 | H50: 548.37 | I50: 3250 | J50: =H50-I50 -> -2701.63 | K50: =E50/B50 -> #DIV/0! | L50: 0.3 | M50: =L50-K50 -> #DIV/0! | N50: =IFERROR(H50/E50,"") -> 182.79 | O50: 250 | P50: =N50-O50 -> -67.21 | R50: Taxa Conversão | S50: =E37/B37 -> 0.80392157
A51: 46005
A52: 46006 | B52: 17 | C52: 20 | D52: =B52-C52 -> -3 | E52: 14 | F52: 13 | G52: =E52-F52 -> 1 | H52: 2590.26 | I52: 3250 | J52: =H52-I52 -> -659.74 | K52: =E52/B52 -> 0.82352941 | L52: 0.3 | M52: =L52-K52 -> -0.52352941 | N52: =IFERROR(H52/E52,"") -> 185.01857 | O52: 250 | P52: =N52-O52 -> -64.981429
A53: 46007 | B53: 9 | C53: 20 | D53: =B53-C53 -> -11 | E53: 14 | F53: 13 | G53: =E53-F53 -> 1 | H53: 3143.37 | I53: 3250 | J53: =H53-I53 -> -106.63 | K53: =E53/B53 -> 1.5555556 | L53: 0.3 | M53: =L53-K53 -> -1.2555556 | N53: =IFERROR(H53/E53,"") -> 224.52643 | O53: 250 | P53: =N53-O53 -> -25.473571
A54: 46008 | B54: 16 | C54: 20 | D54: =B54-C54 -> -4 | E54: 19 | F54: 13 | G54: =E54-F54 -> 6 | H54: 3749.91 | I54: 3250 | J54: =H54-I54 -> 499.91 | K54: =E54/B54 -> 1.1875 | L54: 0.3 | M54: =L54-K54 -> -0.8875 | N54: =IFERROR(H54/E54,"") -> 197.36368 | O54: 250 | P54: =N54-O54 -> -52.636316
A55: 46009 | B55: 11 | C55: 20 | D55: =B55-C55 -> -9 | E55: 16 | F55: 13 | G55: =E55-F55 -> 3 | H55: 4276.66 | I55: 3250 | J55: =H55-I55 -> 1026.66 | K55: =E55/B55 -> 1.4545455 | L55: 0.3 | M55: =L55-K55 -> -1.1545455 | N55: =IFERROR(H55/E55,"") -> 267.29125 | O55: 250 | P55: =N55-O55 -> 17.29125
A56: 46010 | B56: 12 | C56: 20 | D56: =B56-C56 -> -8 | E56: 10 | F56: 13 | G56: =E56-F56 -> -3 | H56: 1669.49 | I56: 3250 | J56: =H56-I56 -> -1580.51 | K56: =E56/B56 -> 0.83333333 | L56: 0.3 | M56: =L56-K56 -> -0.53333333 | N56: =IFERROR(H56/E56,"") -> 166.949 | O56: 250 | P56: =N56-O56 -> -83.051
A57: 46011 | B57: 17 | C57: 20 | D57: =B57-C57 -> -3 | E57: 5 | F57: 13 | G57: =E57-F57 -> -8 | H57: 1332.97 | I57: 3250 | J57: =H57-I57 -> -1917.03 | K57: =E57/B57 -> 0.29411765 | L57: 0.3 | M57: =L57-K57 -> 0.0058823529 | N57: =IFERROR(H57/E57,"") -> 266.594 | O57: 250 | P57: =N57-O57 -> 16.594
A58: 46012
A59: 46013 | B59: 12 | C59: 20 | D59: =B59-C59 -> -8 | E59: 13 | F59: 13 | G59: =E59-F59 -> 0 | H59: 4957.37 | I59: 3250 | J59: =H59-I59 -> 1707.37 | K59: =E59/B59 -> 1.0833333 | L59: 0.3 | M59: =L59-K59 -> -0.78333333 | N59: =IFERROR(H59/E59,"") -> 381.33615 | O59: 250 | P59: =N59-O59 -> 131.33615
A60: 46014 | B60: 0 | C60: 20 | D60: =B60-C60 -> -20 | E60: 0 | F60: 13 | G60: =E60-F60 -> -13 | H60: 0 | I60: 3250 | J60: =H60-I60 -> -3250 | K60: =E60/B60 -> #DIV/0! | L60: 0.3 | M60: =L60-K60 -> #DIV/0! | N60: =IFERROR(H60/E60,"") | O60: 250 | P60: =N60-O60 -> -250
A61: 46015 | B61: 0 | C61: 0 | D61: =B61-C61 -> 0 | E61: 0 | F61: 0 | G61: =E61-F61 -> 0 | H61: 0 | I61: 0 | J61: =H61-I61 -> 0 | K61: =E61/B61 -> #DIV/0! | L61: 0.3 | M61: =L61-K61 -> #DIV/0! | N61: =IFERROR(H61/E61,"") | O61: 250 | P61: =N61-O61 -> -250
A62: 46016 | B62: 0 | C62: 0 | D62: =B62-C62 -> 0 | E62: 0 | F62: 0 | G62: =E62-F62 -> 0 | H62: 0 | I62: 0 | J62: =H62-I62 -> 0 | K62: =E62/B62 -> #DIV/0! | L62: 0.3 | M62: =L62-K62 -> #DIV/0! | N62: =IFERROR(H62/E62,"") | O62: 250 | P62: =N62-O62 -> -250
A63: 46017 | B63: 0 | C63: 20 | D63: =B63-C63 -> -20 | E63: 0 | F63: 13 | G63: =E63-F63 -> -13 | H63: 0 | I63: 3250 | J63: =H63-I63 -> -3250 | K63: =E63/B63 -> #DIV/0! | L63: 0.3 | M63: =L63-K63 -> #DIV/0! | N63: =IFERROR(H63/E63,"") | O63: 250 | P63: =N63-O63 -> -250
A64: 46018 | B64: 0 | C64: 20 | D64: =B64-C64 -> -20 | E64: 0 | F64: 13 | G64: =E64-F64 -> -13 | H64: 0 | I64: 3250 | J64: =H64-I64 -> -3250 | K64: =E64/B64 -> #DIV/0! | L64: 0.3 | M64: =L64-K64 -> #DIV/0! | N64: =IFERROR(H64/E64,"") | O64: 250 | P64: =N64-O64 -> -250
A65: 46019
A66: 46020 | B66: 0 | C66: 20 | D66: =B66-C66 -> -20 | E66: 0 | F66: 13 | G66: =E66-F66 -> -13 | H66: 0 | I66: 3250 | J66: =H66-I66 -> -3250 | K66: =E66/B66 -> #DIV/0! | L66: 0.3 | M66: =L66-K66 -> #DIV/0! | N66: =IFERROR(H66/E66,"") | O66: 250 | P66: =N66-O66 -> -250
A67: 46021 | B67: 0 | C67: 0 | D67: =B67-C67 -> 0 | E67: 0 | F67: 0 | G67: =E67-F67 -> 0 | H67: 0 | I67: 0 | J67: =H67-I67 -> 0 | K67: =E67/B67 -> #DIV/0! | L67: 0.3 | M67: =L67-K67 -> #DIV/0! | N67: =IFERROR(H67/E67,"") | O67: 250 | P67: =N67-O67 -> -250
A68: 46022 | B68: 0 | C68: 0 | D68: =B68-C68 -> 0 | E68: 0 | F68: 0 | G68: =E68-F68 -> 0 | H68: 0 | I68: 0 | J68: =H68-I68 -> 0 | K68: =E68/B68 -> #DIV/0! | L68: 0.3 | M68: =L68-K68 -> #DIV/0! | N68: =IFERROR(H68/E68,"") | O68: 250 | P68: =N68-O68 -> -250
A69: Isabela Helena | B69: =SUM(B70:B99) -> 49 | C69: =SUM(C70:C99) -> 828 | D69: =SUM(D70:D99) -> -779 | E69: =SUM(E70:E99) -> 12 | F69: =SUM(F70:F99) -> 207 | G69: =SUM(G70:G99) -> -195 | H69: =SUM(H70:H99) -> 4051.12 | I69: =SUM(I70:I99) -> 45000 | J69: =SUM(J70:J99) -> -40948.88 | K69: =E69/B69 -> 0.24489796 | L69: 0.3 | M69: =K69-L69 -> -0.055102041 | N69: =IFERROR(H69/E69,"") -> 337.59333 | O69: =O70 -> 250 | P69: =N69-O69 -> 87.593333
A70: 45992 | B70: 11 | C70: 36 | D70: =B70-C70 -> -25 | E70: 5 | F70: 9 | G70: =E70-F70 -> -4 | H70: 1026.75 | I70: 2250 | J70: =H70-I70 -> -1223.25 | K70: =E70/B70 -> 0.45454545 | L70: 0.3 | M70: =L70-K70 -> -0.15454545 | N70: =IFERROR(H70/E70,"") -> 205.35 | O70: 250 | P70: =N70-O70 -> -44.65
A71: 45993 | B71: 10 | C71: 36 | D71: =B71-C71 -> -26 | E71: 2 | F71: 9 | G71: =E71-F71 -> -7 | H71: 1826 | I71: 2250 | J71: =H71-I71 -> -424 | K71: =E71/B71 -> 0.2 | L71: 0.3 | M71: =L71-K71 -> 0.1 | N71: =IFERROR(H71/E71,"") -> 913 | O71: 250 | P71: =N71-O71 -> 663
A72: 45994 | B72: 8 | C72: 36 | D72: =B72-C72 -> -28 | E72: 2 | F72: 9 | G72: =E72-F72 -> -7 | H72: 258.93 | I72: 2250 | J72: =H72-I72 -> -1991.07 | K72: =E72/B72 -> 0.25 | L72: 0.3 | M72: =L72-K72 -> 0.05 | N72: =IFERROR(H72/E72,"") -> 129.465 | O72: 250 | P72: =N72-O72 -> -120.535
A73: 45995 | B73: 13 | C73: 36 | D73: =B73-C73 -> -23 | E73: 1 | F73: 9 | G73: =E73-F73 -> -8 | H73: 311.96 | I73: 2250 | J73: =H73-I73 -> -1938.04 | K73: =E73/B73 -> 0.076923077 | L73: 0.3 | M73: =L73-K73 -> 0.22307692 | N73: =IFERROR(H73/E73,"") -> 311.96 | O73: 250 | P73: =N73-O73 -> 61.96
A74: 45996 | B74: 7 | C74: 36 | D74: =B74-C74 -> -29 | E74: 2 | F74: 9 | G74: =E74-F74 -> -7 | H74: 627.48 | I74: 2250 | J74: =H74-I74 -> -1622.52 | K74: =E74/B74 -> 0.28571429 | L74: 0.3 | M74: =L74-K74 -> 0.014285714 | N74: =IFERROR(H74/E74,"") -> 313.74 | O74: 250 | P74: =N74-O74 -> 63.74 | R74: ISABELA
A75: 45997 | B75: 0 | C75: 36 | D75: =B75-C75 -> -36 | E75: 0 | F75: 9 | G75: =E75-F75 -> -9 | H75: 0 | I75: 0 | J75: =H75-I75 -> 0 | K75: =E75/B75 -> #DIV/0! | L75: 0.3 | M75: =L75-K75 -> #DIV/0! | N75: =IFERROR(H75/E75,"") | O75: 250 | P75: =N75-O75 -> -250 | R75: DEZEMBRO
A76: 45998 | R76: Meta | S76: 45000 | T76: =S76-S79 -> 40948.88
A77: 45999 | B77: 0 | C77: 36 | D77: =B77-C77 -> -36 | E77: 0 | F77: 9 | G77: =E77-F77 -> -9 | H77: 0 | I77: 2250 | J77: =H77-I77 -> -2250 | K77: =E77/B77 -> #DIV/0! | L77: 0.3 | M77: =L77-K77 -> #DIV/0! | N77: =IFERROR(H77/E77,"") | O77: 250 | P77: =N77-O77 -> -250 | R77: Meta x Dia | S77: =S76/30 -> 1500
A78: 46000 | B78: 0 | C78: 36 | D78: =B78-C78 -> -36 | E78: 0 | F78: 9 | G78: =E78-F78 -> -9 | H78: 0 | I78: 2250 | J78: =H78-I78 -> -2250 | K78: =E78/B78 -> #DIV/0! | L78: 0.3 | M78: =L78-K78 -> #DIV/0! | N78: =IFERROR(H78/E78,"") | O78: 250 | P78: =N78-O78 -> -250 | R78: Meta x Dia Útil | S78: =S76/20 -> 2250
A79: 46001 | B79: 0 | C79: 36 | D79: =B79-C79 -> -36 | E79: 0 | F79: 9 | G79: =E79-F79 -> -9 | H79: 0 | I79: 2250 | J79: =H79-I79 -> -2250 | K79: =E79/B79 -> #DIV/0! | L79: 0.3 | M79: =L79-K79 -> #DIV/0! | N79: =IFERROR(H79/E79,"") | O79: 250 | P79: =N79-O79 -> -250 | R79: Realizado | S79: =H69 -> 4051.12
A80: 46002 | B80: 0 | C80: 36 | D80: =B80-C80 -> -36 | E80: 0 | F80: 9 | G80: =E80-F80 -> -9 | H80: 0 | I80: 2250 | J80: =H80-I80 -> -2250 | K80: =E80/B80 -> #DIV/0! | L80: 0.3 | M80: =L80-K80 -> #DIV/0! | N80: =IFERROR(H80/E80,"") | O80: 250 | P80: =N80-O80 -> -250 | R80: % da Meta | S80: =S79/S76 -> 0.090024889
A81: 46003 | B81: 0 | C81: 36 | D81: =B81-C81 -> -36 | E81: 0 | F81: 9 | G81: =E81-F81 -> -9 | H81: 0 | I81: 2250 | J81: =H81-I81 -> -2250 | K81: =E81/B81 -> #DIV/0! | L81: 0.3 | M81: =L81-K81 -> #DIV/0! | N81: =IFERROR(H81/E81,"") | O81: 250 | P81: =N81-O81 -> -250 | R81: Dias Útil Restante | S81: 14
A82: 46004 | B82: 0 | C82: 36 | D82: =B82-C82 -> -36 | E82: 0 | F82: 9 | G82: =E82-F82 -> -9 | H82: 0 | I82: 0 | J82: =H82-I82 -> 0 | K82: =E82/B82 -> #DIV/0! | L82: 0.3 | M82: =L82-K82 -> #DIV/0! | N82: =IFERROR(H82/E82,"") | O82: 250 | P82: =N82-O82 -> -250 | R82: Meta dia Acumulado | S82: =(S76-S79)/S81 -> 2924.92
A83: 46005 | R83: Ticket Médio | S83: =N69 -> 337.59333
A84: 46006 | B84: 0 | C84: 36 | D84: =B84-C84 -> -36 | E84: 0 | F84: 9 | G84: =E84-F84 -> -9 | H84: 0 | I84: 2250 | J84: =H84-I84 -> -2250 | K84: =E84/B84 -> #DIV/0! | L84: 0.3 | M84: =L84-K84 -> #DIV/0! | N84: =IFERROR(H84/E84,"") | O84: 250 | P84: =N84-O84 -> -250 | R84: Nº Leads | S84: =B69 -> 49
A85: 46007 | B85: 0 | C85: 36 | D85: =B85-C85 -> -36 | E85: 0 | F85: 9 | G85: =E85-F85 -> -9 | H85: 0 | I85: 2250 | J85: =H85-I85 -> -2250 | K85: =E85/B85 -> #DIV/0! | L85: 0.3 | M85: =L85-K85 -> #DIV/0! | N85: =IFERROR(H85/E85,"") | O85: 250 | P85: =N85-O85 -> -250 | R85: Nº Vendas | S85: =E69 -> 12
A86: 46008 | B86: 0 | C86: 36 | D86: =B86-C86 -> -36 | E86: 0 | F86: 9 | G86: =E86-F86 -> -9 | H86: 0 | I86: 2250 | J86: =H86-I86 -> -2250 | K86: =E86/B86 -> #DIV/0! | L86: 0.3 | M86: =L86-K86 -> #DIV/0! | N86: =IFERROR(H86/E86,"") | O86: 250 | P86: =N86-O86 -> -250 | R86: Taxa Conversão | S86: =E69/B69 -> 0.24489796
A87: 46009 | B87: 0 | C87: 36 | D87: =B87-C87 -> -36 | E87: 0 | F87: 9 | G87: =E87-F87 -> -9 | H87: 0 | I87: 2250 | J87: =H87-I87 -> -2250 | K87: =E87/B87 -> #DIV/0! | L87: 0.3 | M87: =L87-K87 -> #DIV/0! | N87: =IFERROR(H87/E87,"") | O87: 250 | P87: =N87-O87 -> -250
A88: 46010 | B88: 0 | C88: 36 | D88: =B88-C88 -> -36 | E88: 0 | F88: 9 | G88: =E88-F88 -> -9 | H88: 0 | I88: 2250 | J88: =H88-I88 -> -2250 | K88: =E88/B88 -> #DIV/0! | L88: 0.3 | M88: =L88-K88 -> #DIV/0! | N88: =IFERROR(H88/E88,"") | O88: 250 | P88: =N88-O88 -> -250
A89: 46011 | B89: 0 | C89: 36 | D89: =B89-C89 -> -36 | E89: 0 | F89: 9 | G89: =E89-F89 -> -9 | H89: 0 | I89: 0 | J89: =H89-I89 -> 0 | K89: =E89/B89 -> #DIV/0! | L89: 0.3 | M89: =L89-K89 -> #DIV/0! | N89: =IFERROR(H89/E89,"") | O89: 250 | P89: =N89-O89 -> -250
A90: 46012
A91: 46013 | B91: 0 | C91: 36 | D91: =B91-C91 -> -36 | E91: 0 | F91: 9 | G91: =E91-F91 -> -9 | H91: 0 | I91: 2250 | J91: =H91-I91 -> -2250 | K91: =E91/B91 -> #DIV/0! | L91: 0.3 | M91: =L91-K91 -> #DIV/0! | N91: =IFERROR(H91/E91,"") | O91: 250 | P91: =N91-O91 -> -250
A92: 46014 | B92: 0 | C92: 36 | D92: =B92-C92 -> -36 | E92: 0 | F92: 9 | G92: =E92-F92 -> -9 | H92: 0 | I92: 2250 | J92: =H92-I92 -> -2250 | K92: =E92/B92 -> #DIV/0! | L92: 0.3 | M92: =L92-K92 -> #DIV/0! | N92: =IFERROR(H92/E92,"") | O92: 250 | P92: =N92-O92 -> -250
A93: 46015 | B93: 0 | C93: 0 | D93: 0 | E93: 0 | F93: 0 | G93: 0 | H93: 0 | I93: 0 | J93: =H93-I93 -> 0 | K93: =E93/B93 -> #DIV/0! | L93: 0.3 | M93: =L93-K93 -> #DIV/0! | N93: =IFERROR(H93/E93,"") | O93: 250 | P93: =N93-O93 -> -250
A94: 46016 | B94: 0 | C94: 0 | D94: 0 | E94: 0 | F94: 0 | G94: 0 | H94: 0 | I94: 0 | J94: =H94-I94 -> 0 | K94: =E94/B94 -> #DIV/0! | L94: 0.3 | M94: =L94-K94 -> #DIV/0! | N94: =IFERROR(H94/E94,"") | O94: 250 | P94: =N94-O94 -> -250
A95: 46017 | B95: 0 | C95: 36 | D95: =B95-C95 -> -36 | E95: 0 | F95: 9 | G95: =E95-F95 -> -9 | H95: 0 | I95: 2250 | J95: =H95-I95 -> -2250 | K95: =E95/B95 -> #DIV/0! | L95: 0.3 | M95: =L95-K95 -> #DIV/0! | N95: =IFERROR(H95/E95,"") | O95: 250 | P95: =N95-O95 -> -250
A96: 46018 | B96: 0 | C96: 36 | D96: =B96-C96 -> -36 | E96: 0 | F96: 9 | G96: =E96-F96 -> -9 | H96: 0 | I96: 2250 | J96: =H96-I96 -> -2250 | K96: =E96/B96 -> #DIV/0! | L96: 0.3 | M96: =L96-K96 -> #DIV/0! | N96: =IFERROR(H96/E96,"") | O96: 250 | P96: =N96-O96 -> -250
A97: 46019
A98: 46020 | B98: 0 | C98: 36 | D98: =B98-C98 -> -36 | E98: 0 | F98: 9 | G98: =E98-F98 -> -9 | H98: 0 | I98: 2250 | J98: =H98-I98 -> -2250 | K98: =E98/B98 -> #DIV/0! | L98: 0.3 | M98: =L98-K98 -> #DIV/0! | N98: =IFERROR(H98/E98,"") | O98: 250 | P98: =N98-O98 -> -250
A99: 46021 | B99: 0 | C99: 0 | D99: 0 | E99: 0 | F99: 0 | G99: =E99-F99 -> 0 | H99: 0 | I99: 0 | J99: =H99-I99 -> 0 | K99: =E99/B99 -> #DIV/0! | L99: 0.3 | M99: =L99-K99 -> #DIV/0! | N99: =IFERROR(H99/E99,"") | O99: 250 | P99: =N99-O99 -> -250
A100: 46022 | B100: 0 | C100: 0 | D100: 0 | E100: 0 | F100: 0 | G100: =E100-F100 -> 0 | H100: 0 | I100: 0 | J100: =H100-I100 -> 0 | K100: =E100/B100 -> #DIV/0! | L100: 0.3 | M100: =L100-K100 -> #DIV/0! | N100: =IFERROR(H100/E100,"") | O100: 250 | P100: =N100-O100 -> -250
...

Sheet Recompra - 12
B1: Leads | E1: Nº Vendas | H1: Faturamento | K1: Taxa Conversão | N1: Ticket Médio
B2: Realizado | C2: Meta | D2: Gap | E2: Realizado | F2: Meta | G2: Gap | H2: Realizado | I2: Meta | J2: Gap | K2: Realizado | L2: Meta | M2: Gap | N2: Realizado | O2: Meta | P2: Gap
A4: Novembro | B4: =B5+B37+B69 -> 850 | C4: =C5+C37+C69 -> 2818 | D4: =D5+D37+D69 -> -2328 | E4: =E5+E37+E69 -> 691 | F4: =F5+F37+F69 -> 1538 | G4: =G5+G37+G69 -> -725 | H4: =H5+H37+H69 -> 163911.51 | I4: =I5+I37+I69 -> 285000 | J4: =J5+J37+J69 -> -121088.49 | K4: =E4/B4 -> 0.81294118 | L4: 0.6 | M4: =K4-L4 -> 0.21294118 | N4: =H4/E4 -> 237.20913 | O4: 250 | P4: =N4-O4 -> -12.790868
A5: Hagata | B5: =SUM(B6:B35) -> 332 | C5: 1200 | D5: =SUM(D6:D35) -> -1048 | E5: =SUM(E6:E35) -> 250 | F5: =SUM(F6:F35) -> 480 | G5: =SUM(G6:G35) -> -230 | H5: =SUM(H6:H35) -> 59960.03 | I5: =SUM(I6:I35) -> 100000 | J5: =SUM(J6:J35) -> -40039.97 | K5: =E5/B5 -> 0.75301205 | L5: 0.7 | M5: =L5-K5 -> -0.053012048 | N5: =H5/E5 -> 239.84012 | O5: 250 | P5: =N5-O5 -> -10.15988
A6: 45992 | B6: 41 | C6: 60 | D6: =B6-C6 -> -19 | E6: 22 | F6: 20 | G6: =E6-F6 -> 2 | H6: 6492.88 | I6: 5000 | J6: =H6-I6 -> 1492.88 | K6: =E6/B6 -> 0.53658537 | L6: 0.75 | M6: =L6-K6 -> 0.21341463 | N6: =IFERROR(H6/E6,"") -> 295.13091 | O6: 250 | P6: =N6-O6 -> 45.130909 | R6: HAGATA
A7: 45993 | B7: 29 | C7: 60 | D7: =B7-C7 -> -31 | E7: 27 | F7: 20 | G7: =E7-F7 -> 7 | H7: 6337.03 | I7: 5000 | J7: =H7-I7 -> 1337.03 | K7: =E7/B7 -> 0.93103448 | L7: 0.75 | M7: =L7-K7 -> -0.18103448 | N7: =IFERROR(H7/E7,"") -> 234.70481 | O7: 250 | P7: =N7-O7 -> -15.295185 | R7: DEZEMBRO
A8: 45994 | B8: 44 | C8: 60 | D8: =B8-C8 -> -16 | E8: 23 | F8: 20 | G8: =E8-F8 -> 3 | H8: 4140.15 | I8: 5000 | J8: =H8-I8 -> -859.85 | K8: =E8/B8 -> 0.52272727 | L8: 0.75 | M8: =L8-K8 -> 0.22727273 | N8: =IFERROR(H8/E8,"") -> 180.00652 | O8: 250 | P8: =N8-O8 -> -69.993478 | R8: Meta | S8: 100000 | T8: =S8-S11 -> 40039.97
A9: 45995 | B9: 21 | C9: 60 | D9: =B9-C9 -> -39 | E9: 14 | F9: 20 | G9: =E9-F9 -> -6 | H9: 3318.81 | I9: 5000 | J9: =H9-I9 -> -1681.19 | K9: =E9/B9 -> 0.66666667 | L9: 0.75 | M9: =L9-K9 -> 0.083333333 | N9: =IFERROR(H9/E9,"") -> 237.05786 | O9: 250 | P9: =N9-O9 -> -12.942143 | R9: Meta x Dia | S9: =S8/30 -> 3333.3333
A10: 45996 | B10: 20 | C10: 60 | D10: =B10-C10 -> -40 | E10: 12 | F10: 20 | G10: =E10-F10 -> -8 | H10: 2492.96 | I10: 5000 | J10: =H10-I10 -> -2507.04 | K10: =E10/B10 -> 0.6 | L10: 0.75 | M10: =L10-K10 -> 0.15 | N10: =IFERROR(H10/E10,"") -> 207.74667 | O10: 250 | P10: =N10-O10 -> -42.253333 | R10: Meta x Dia Útil | S10: =S8/20 -> 5000
A11: 45997 | B11: 12 | C11: 60 | D11: =B11-C11 -> -48 | E11: 5 | F11: 20 | G11: =E11-F11 -> -15 | H11: 1028.16 | I11: 0 | J11: =H11-I11 -> 1028.16 | K11: =E11/B11 -> 0.41666667 | L11: 0.75 | M11: =L11-K11 -> 0.33333333 | N11: =IFERROR(H11/E11,"") -> 205.632 | O11: 250 | P11: =N11-O11 -> -44.368 | R11: Realizado | S11: =H5 -> 59960.03
A12: 45998 | R12: % da Meta | S12: =S11/S8 -> 0.5996003
A13: 45999 | B13: 26 | C13: 60 | D13: =B13-C13 -> -34 | E13: 21 | F13: 20 | G13: =E13-F13 -> 1 | H13: 5111.57 | I13: 5000 | J13: =H13-I13 -> 111.57 | K13: =E13/B13 -> 0.80769231 | L13: 0.75 | M13: =L13-K13 -> -0.057692308 | N13: =IFERROR(H13/E13,"") -> 243.4081 | O13: 250 | P13: =N13-O13 -> -6.5919048 | R13: Dias Útil Restante | S13: 4
A14: 46000 | B14: 26 | C14: 60 | D14: =B14-C14 -> -34 | E14: 4 | F14: 20 | G14: =E14-F14 -> -16 | H14: 484.79 | I14: 5000 | J14: =H14-I14 -> -4515.21 | K14: =E14/B14 -> 0.15384615 | L14: 0.75 | M14: =L14-K14 -> 0.59615385 | N14: =IFERROR(H14/E14,"") -> 121.1975 | O14: 250 | P14: =N14-O14 -> -128.8025 | R14: Meta dia Acumulado | S14: =(S8-S11)/S13 -> 10009.993
A15: 46001 | B15: 13 | C15: 60 | D15: =B15-C15 -> -47 | E15: 17 | F15: 20 | G15: =E15-F15 -> -3 | H15: 5571.61 | I15: 5000 | J15: =H15-I15 -> 571.61 | K15: =E15/B15 -> 1.3076923 | L15: 0.75 | M15: =L15-K15 -> -0.55769231 | N15: =IFERROR(H15/E15,"") -> 327.74176 | O15: 250 | P15: =N15-O15 -> 77.741765 | R15: Ticket Médio | S15: =N5 -> 239.84012
A16: 46002 | B16: 18 | C16: 60 | D16: =B16-C16 -> -42 | E16: 15 | F16: 20 | G16: =E16-F16 -> -5 | H16: 3229.49 | I16: 5000 | J16: =H16-I16 -> -1770.51 | K16: =E16/B16 -> 0.83333333 | L16: 0.75 | M16: =L16-K16 -> -0.083333333 | N16: =IFERROR(H16/E16,"") -> 215.29933 | O16: 250 | P16: =N16-O16 -> -34.700667 | R16: Nº Leads | S16: =B5 -> 332
A17: 46003 | B17: 22 | C17: 60 | D17: =B17-C17 -> -38 | E17: 10 | F17: 20 | G17: =E17-F17 -> -10 | H17: 2550.03 | I17: 5000 | J17: =H17-I17 -> -2449.97 | K17: =E17/B17 -> 0.45454545 | L17: 0.75 | M17: =L17-K17 -> 0.29545455 | N17: =IFERROR(H17/E17,"") -> 255.003 | O17: 250 | P17: =N17-O17 -> 5.003 | R17: Nº Vendas | S17: =E5 -> 250
A18: 46004 | B18: 0 | C18: 60 | D18: =B18-C18 -> -60 | E18: 8 | F18: 20 | G18: =E18-F18 -> -12 | H18: 2299.85 | I18: 0 | J18: =H18-I18 -> 2299.85 | K18: =E18/B18 -> #DIV/0! | L18: 0.75 | M18: =L18-K18 -> #DIV/0! | N18: =IFERROR(H18/E18,"") -> 287.48125 | O18: 250 | P18: =N18-O18 -> 37.48125 | R18: Taxa Conversão | S18: =E5/B5 -> 0.75301205
A19: 46005
A20: 46006 | B20: 16 | C20: 60 | D20: =B20-C20 -> -44 | E20: 18 | F20: 20 | G20: =E20-F20 -> -2 | H20: 4536.42 | I20: 5000 | J20: =H20-I20 -> -463.58 | K20: =E20/B20 -> 1.125 | L20: 0.75 | M20: =L20-K20 -> -0.375 | N20: =IFERROR(H20/E20,"") -> 252.02333 | O20: 250 | P20: =N20-O20 -> 2.0233333
A21: 46007 | B21: 6 | C21: 60 | D21: =B21-C21 -> -54 | E21: 11 | F21: 20 | G21: =E21-F21 -> -9 | H21: 3583.95 | I21: 5000 | J21: =H21-I21 -> -1416.05 | K21: =E21/B21 -> 1.8333333 | L21: 0.75 | M21: =L21-K21 -> -1.0833333 | N21: =IFERROR(H21/E21,"") -> 325.81364 | O21: 250 | P21: =N21-O21 -> 75.813636
A22: 46008 | B22: 2 | C22: 60 | D22: =B22-C22 -> -58 | E22: 7 | F22: 20 | G22: =E22-F22 -> -13 | H22: 1762.73 | I22: 5000 | J22: =H22-I22 -> -3237.27 | K22: =E22/B22 -> 3.5 | L22: 0.75 | M22: =L22-K22 -> -2.75 | N22: =IFERROR(H22/E22,"") -> 251.81857 | O22: 250 | P22: =N22-O22 -> 1.8185714
A23: 46009 | B23: 4 | C23: 60 | D23: =B23-C23 -> -56 | E23: 10 | F23: 20 | G23: =E23-F23 -> -10 | H23: 2505.84 | I23: 5000 | J23: =H23-I23 -> -2494.16 | K23: =E23/B23 -> 2.5 | L23: 0.75 | M23: =L23-K23 -> -1.75 | N23: =IFERROR(H23/E23,"") -> 250.584 | O23: 250 | P23: =N23-O23 -> 0.584
A24: 46010 | B24: 8 | C24: 60 | D24: =B24-C24 -> -52 | E24: 10 | F24: 20 | G24: =E24-F24 -> -10 | H24: 1532.06 | I24: 5000 | J24: =H24-I24 -> -3467.94 | K24: =E24/B24 -> 1.25 | L24: 0.75 | M24: =L24-K24 -> -0.5 | N24: =IFERROR(H24/E24,"") -> 153.206 | O24: 250 | P24: =N24-O24 -> -96.794
A25: 46011 | B25: 13 | C25: 60 | D25: =B25-C25 -> -47 | E25: 4 | F25: 20 | G25: =E25-F25 -> -16 | H25: 677.6 | I25: 0 | J25: =H25-I25 -> 677.6 | K25: =E25/B25 -> 0.30769231 | L25: 0.75 | M25: =L25-K25 -> 0.44230769 | N25: =IFERROR(H25/E25,"") -> 169.4 | O25: 250 | P25: =N25-O25 -> -80.6
A26: 46012
A27: 46013 | B27: 11 | C27: 60 | D27: =B27-C27 -> -49 | E27: 12 | F27: 20 | G27: =E27-F27 -> -8 | H27: 2304.1 | I27: 5000 | J27: =H27-I27 -> -2695.9 | K27: =E27/B27 -> 1.0909091 | L27: 0.75 | M27: =L27-K27 -> -0.34090909 | N27: =IFERROR(H27/E27,"") -> 192.00833 | O27: 250 | P27: =N27-O27 -> -57.991667
A28: 46014 | B28: 0 | C28: 60 | D28: =B28-C28 -> -60 | E28: 0 | F28: 20 | G28: =E28-F28 -> -20 | H28: 0 | I28: 5000 | J28: =H28-I28 -> -5000 | K28: =E28/B28 -> #DIV/0! | L28: 0.75 | M28: =L28-K28 -> #DIV/0! | N28: =IFERROR(H28/E28,"") | O28: 250 | P28: =N28-O28 -> -250
A29: 46015 | B29: 0 | C29: 0 | D29: =B29-C29 -> 0 | E29: 0 | F29: 0 | G29: =E29-F29 -> 0 | H29: 0 | I29: 0 | J29: =H29-I29 -> 0 | K29: =E29/B29 -> #DIV/0! | L29: 0.75 | M29: =L29-K29 -> #DIV/0! | N29: =IFERROR(H29/E29,"") | O29: 250 | P29: =N29-O29 -> -250
A30: 46016 | B30: 0 | C30: 0 | D30: =B30-C30 -> 0 | E30: 0 | F30: 0 | G30: =E30-F30 -> 0 | H30: 0 | I30: 0 | J30: =H30-I30 -> 0 | K30: =E30/B30 -> #DIV/0! | M30: =L30-K30 -> #DIV/0! | N30: =IFERROR(H30/E30,"") | O30: 250 | P30: =N30-O30 -> -250
A31: 46017 | B31: 0 | C31: 60 | D31: =B31-C31 -> -60 | E31: 0 | F31: 20 | G31: =E31-F31 -> -20 | H31: 0 | I31: 5000 | J31: =H31-I31 -> -5000 | K31: =E31/B31 -> #DIV/0! | L31: 0.75 | M31: =L31-K31 -> #DIV/0! | N31: =IFERROR(H31/E31,"") | O31: 250 | P31: =N31-O31 -> -250
A32: 46018 | B32: 0 | C32: 60 | D32: =B32-C32 -> -60 | E32: 0 | F32: 20 | G32: =E32-F32 -> -20 | H32: 0 | I32: 5000 | J32: =H32-I32 -> -5000 | K32: =E32/B32 -> #DIV/0! | L32: 0.75 | M32: =L32-K32 -> #DIV/0! | N32: =IFERROR(H32/E32,"") | O32: 250 | P32: =N32-O32 -> -250
A33: 46019
A34: 46020 | B34: 0 | C34: 60 | D34: =B34-C34 -> -60 | E34: 0 | F34: 20 | G34: =E34-F34 -> -20 | H34: 0 | I34: 5000 | J34: =H34-I34 -> -5000 | K34: =E34/B34 -> #DIV/0! | L34: 0.75 | M34: =L34-K34 -> #DIV/0! | N34: =IFERROR(H34/E34,"") | O34: 250 | P34: =N34-O34 -> -250
A35: 46021 | B35: 0 | C35: 0 | D35: =B35-C35 -> 0 | E35: 0 | F35: 20 | G35: =E35-F35 -> -20 | H35: 0 | I35: 0 | J35: =H35-I35 -> 0 | K35: =E35/B35 -> #DIV/0! | L35: 0.75 | M35: =L35-K35 -> #DIV/0! | N35: =IFERROR(H35/E35,"") | O35: 250 | P35: =N35-O35 -> -250
A36: 46022 | B36: 0 | C36: 0 | D36: =B36-C36 -> 0 | E36: 0 | F36: 0 | G36: =E36-F36 -> 0 | H36: 0 | I36: 0 | J36: =H36-I36 -> 0 | K36: =E36/B36 -> #DIV/0! | M36: =L36-K36 -> #DIV/0! | N36: =IFERROR(H36/E36,"") | O36: 250 | P36: =N36-O36 -> -250
A37: Gustavo | B37: =SUM(B38:B67) -> 424 | C37: 1200 | D37: =SUM(D38:D67) -> -956 | E37: =SUM(E38:E67) -> 356 | F37: =SUM(F38:F67) -> 851 | G37: =SUM(G38:G67) -> -495 | H37: =SUM(H38:H67) -> 91532.7 | I37: =SUM(I38:I67) -> 135000 | J37: =SUM(J38:J67) -> -43467.3 | K37: =E37/B37 -> 0.83962264 | L37: 0.7 | M37: =L37-K37 -> -0.13962264 | N37: =H37/E37 -> 257.11433 | O37: 250 | P37: =N37-O37 -> 7.1143258
A38: 45992 | B38: 27 | C38: 60 | D38: =B38-C38 -> -33 | E38: 17 | F38: 27 | G38: =E38-F38 -> -10 | H38: 4968.35 | I38: 6750 | J38: =H38-I38 -> -1781.65 | K38: =E38/B38 -> 0.62962963 | L38: 0.7 | M38: =L38-K38 -> 0.07037037 | N38: =IFERROR(H38/E38,"") -> 292.25588 | O38: 250 | P38: =N38-O38 -> 42.255882 | R38: GUSTAVO
A39: 45993 | B39: 26 | C39: 60 | D39: =B39-C39 -> -34 | E39: 19 | F39: 27 | G39: =E39-F39 -> -8 | H39: 8389.85 | I39: 6750 | J39: =H39-I39 -> 1639.85 | K39: =E39/B39 -> 0.73076923 | L39: 0.7 | M39: =L39-K39 -> -0.030769231 | N39: =IFERROR(H39/E39,"") -> 441.57105 | O39: 250 | P39: =N39-O39 -> 191.57105 | R39: Outubro
A40: 45994 | B40: 12 | C40: 60 | D40: =B40-C40 -> -48 | E40: 14 | F40: 27 | G40: =E40-F40 -> -13 | H40: 3934.29 | I40: 6750 | J40: =H40-I40 -> -2815.71 | K40: =E40/B40 -> 1.1666667 | L40: 0.7 | M40: =L40-K40 -> -0.46666667 | N40: =IFERROR(H40/E40,"") -> 281.02071 | O40: 250 | P40: =N40-O40 -> 31.020714 | R40: Meta | S40: 135000 | T40: =S40-S43 -> 43467.3
A41: 45995 | B41: 23 | C41: 60 | D41: =B41-C41 -> -37 | E41: 22 | F41: 27 | G41: =E41-F41 -> -5 | H41: 4045.78 | I41: 6750 | J41: =H41-I41 -> -2704.22 | K41: =E41/B41 -> 0.95652174 | L41: 0.7 | M41: =L41-K41 -> -0.25652174 | N41: =IFERROR(H41/E41,"") -> 183.89909 | O41: 250 | P41: =N41-O41 -> -66.100909 | R41: Meta x Dia | S41: =S40/30 -> 4500
A42: 45996 | B42: 24 | C42: 60 | D42: =B42-C42 -> -36 | E42: 20 | F42: 27 | G42: =E42-F42 -> -7 | H42: 7181.81 | I42: 6750 | J42: =H42-I42 -> 431.81 | K42: =E42/B42 -> 0.83333333 | L42: 0.7 | M42: =L42-K42 -> -0.13333333 | N42: =IFERROR(H42/E42,"") -> 359.0905 | O42: 250 | P42: =N42-O42 -> 109.0905 | R42: Meta x Dia Útil | S42: =S40/20 -> 6750
A43: 45997 | B43: 22 | C43: 60 | D43: =B43-C43 -> -38 | E43: 11 | F43: 27 | G43: =E43-F43 -> -16 | H43: 2104.8 | I43: 0 | J43: =H43-I43 -> 2104.8 | K43: =E43/B43 -> 0.5 | L43: 0.7 | M43: =L43-K43 -> 0.2 | N43: =IFERROR(H43/E43,"") -> 191.34545 | O43: 250 | P43: =N43-O43 -> -58.654545 | R43: Realizado | S43: =H37 -> 91532.7
A44: 45998 | R44: % da Meta | S44: =S43/S40 -> 0.67802
A45: 45999 | B45: 27 | C45: 60 | D45: =B45-C45 -> -33 | E45: 29 | F45: 27 | G45: =E45-F45 -> 2 | H45: 6975.95 | I45: 6750 | J45: =H45-I45 -> 225.95 | K45: =E45/B45 -> 1.0740741 | L45: 0.7 | M45: =L45-K45 -> -0.37407407 | N45: =IFERROR(H45/E45,"") -> 240.55 | O45: 250 | P45: =N45-O45 -> -9.45 | R45: Dias Útil Restante | S45: 4
A46: 46000 | B46: 57 | C46: 60 | D46: =B46-C46 -> -3 | E46: 26 | F46: 27 | G46: =E46-F46 -> -1 | H46: 7762.95 | I46: 6750 | J46: =H46-I46 -> 1012.95 | K46: =E46/B46 -> 0.45614035 | L46: 0.7 | M46: =L46-K46 -> 0.24385965 | N46: =IFERROR(H46/E46,"") -> 298.575 | O46: 250 | P46: =N46-O46 -> 48.575 | R46: Meta dia Acumulado | S46: =(S40-S43)/S45 -> 10866.825
A47: 46001 | B47: 20 | C47: 60 | D47: =B47-C47 -> -40 | E47: 25 | F47: 27 | G47: =E47-F47 -> -2 | H47: 6544.03 | I47: 6750 | J47: =H47-I47 -> -205.97 | K47: =E47/B47 -> 1.25 | L47: 0.7 | M47: =L47-K47 -> -0.55 | N47: =IFERROR(H47/E47,"") -> 261.7612 | O47: 250 | P47: =N47-O47 -> 11.7612 | R47: Ticket Médio | S47: =N37 -> 257.11433
A48: 46002 | B48: 34 | C48: 60 | D48: =B48-C48 -> -26 | E48: 18 | F48: 27 | G48: =E48-F48 -> -9 | H48: 4558.79 | I48: 6750 | J48: =H48-I48 -> -2191.21 | K48: =E48/B48 -> 0.52941176 | L48: 0.7 | M48: =L48-K48 -> 0.17058824 | N48: =IFERROR(H48/E48,"") -> 253.26611 | O48: 250 | P48: =N48-O48 -> 3.2661111 | R48: Nº Leads | S48: =B37 -> 424
A49: 46003 | B49: 32 | C49: 60 | D49: =B49-C49 -> -28 | E49: 18 | F49: 27 | G49: =E49-F49 -> -9 | H49: 3595.48 | I49: 6750 | J49: =H49-I49 -> -3154.52 | K49: =E49/B49 -> 0.5625 | L49: 0.7 | M49: =L49-K49 -> 0.1375 | N49: =IFERROR(H49/E49,"") -> 199.74889 | O49: 250 | P49: =N49-O49 -> -50.251111 | R49: Nº Vendas | S49: =E37 -> 356
A50: 46004 | B50: 9 | C50: 60 | D50: =B50-C50 -> -51 | E50: 8 | F50: 27 | G50: =E50-F50 -> -19 | H50: 1967.18 | I50: 0 | J50: =H50-I50 -> 1967.18 | K50: =E50/B50 -> 0.88888889 | L50: 0.7 | M50: =L50-K50 -> -0.18888889 | N50: =IFERROR(H50/E50,"") -> 245.8975 | O50: 250 | P50: =N50-O50 -> -4.1025 | R50: Taxa Conversão | S50: =E37/B37 -> 0.83962264
A51: 46005
A52: 46006 | B52: 22 | C52: 60 | D52: =B52-C52 -> -38 | E52: 22 | F52: 27 | G52: =E52-F52 -> -5 | H52: 4383.39 | I52: 6750 | J52: =H52-I52 -> -2366.61 | K52: =E52/B52 -> 1 | L52: 0.7 | M52: =L52-K52 -> -0.3 | N52: =IFERROR(H52/E52,"") -> 199.245 | O52: 250 | P52: =N52-O52 -> -50.755
A53: 46007 | B53: 11 | C53: 60 | D53: =B53-C53 -> -49 | E53: 22 | F53: 27 | G53: =E53-F53 -> -5 | H53: 4695.32 | I53: 6750 | J53: =H53-I53 -> -2054.68 | K53: =E53/B53 -> 2 | L53: 0.7 | M53: =L53-K53 -> -1.3 | N53: =IFERROR(H53/E53,"") -> 213.42364 | O53: 250 | P53: =N53-O53 -> -36.576364
A54: 46008 | B54: 10 | C54: 60 | D54: =B54-C54 -> -50 | E54: 14 | F54: 27 | G54: =E54-F54 -> -13 | H54: 3143.81 | I54: 6750 | J54: =H54-I54 -> -3606.19 | K54: =E54/B54 -> 1.4 | L54: 0.7 | M54: =L54-K54 -> -0.7 | N54: =IFERROR(H54/E54,"") -> 224.55786 | O54: 250 | P54: =N54-O54 -> -25.442143
A55: 46009 | B55: 23 | C55: 60 | D55: =B55-C55 -> -37 | E55: 20 | F55: 27 | G55: =E55-F55 -> -7 | H55: 5014.49 | I55: 6750 | J55: =H55-I55 -> -1735.51 | K55: =E55/B55 -> 0.86956522 | L55: 0.7 | M55: =L55-K55 -> -0.16956522 | N55: =IFERROR(H55/E55,"") -> 250.7245 | O55: 250 | P55: =N55-O55 -> 0.7245
A56: 46010 | B56: 19 | C56: 60 | D56: =B56-C56 -> -41 | E56: 17 | F56: 27 | G56: =E56-F56 -> -10 | H56: 4113.3 | I56: 6750 | J56: =H56-I56 -> -2636.7 | K56: =E56/B56 -> 0.89473684 | L56: 0.7 | M56: =L56-K56 -> -0.19473684 | N56: =IFERROR(H56/E56,"") -> 241.95882 | O56: 250 | P56: =N56-O56 -> -8.0411765
A57: 46011 | B57: 5 | C57: 60 | D57: =B57-C57 -> -55 | E57: 11 | F57: 27 | G57: =E57-F57 -> -16 | H57: 2873.04 | I57: 0 | J57: =H57-I57 -> 2873.04 | K57: =E57/B57 -> 2.2 | L57: 0.7 | M57: =L57-K57 -> -1.5 | N57: =IFERROR(H57/E57,"") -> 261.18545 | O57: 250 | P57: =N57-O57 -> 11.185455
A58: 46012
A59: 46013 | B59: 21 | C59: 60 | D59: =B59-C59 -> -39 | E59: 23 | F59: 257 | G59: =E59-F59 -> -234 | H59: 5280.09 | I59: 6750 | J59: =H59-I59 -> -1469.91 | K59: =E59/B59 -> 1.0952381 | L59: 0.7 | M59: =L59-K59 -> -0.3952381 | N59: =IFERROR(H59/E59,"") -> 229.56913 | O59: 250 | P59: =N59-O59 -> -20.43087
A60: 46014 | B60: 0 | C60: 60 | D60: =B60-C60 -> -60 | E60: 0 | F60: 27 | G60: =E60-F60 -> -27 | H60: 0 | I60: 6750 | J60: =H60-I60 -> -6750 | K60: =E60/B60 -> #DIV/0! | L60: 0.7 | M60: =L60-K60 -> #DIV/0! | N60: =IFERROR(H60/E60,"") | O60: 250 | P60: =N60-O60 -> -250
A61: 46015 | B61: 0 | C61: 0 | D61: =B61-C61 -> 0 | E61: 0 | F61: 0 | G61: =E61-F61 -> 0 | H61: 0 | I61: 0 | J61: =H61-I61 -> 0 | K61: =E61/B61 -> #DIV/0! | L61: 0.7 | M61: =L61-K61 -> #DIV/0! | N61: =IFERROR(H61/E61,"") | O61: 250 | P61: =N61-O61 -> -250
A62: 46016 | B62: 0 | C62: 0 | D62: =B62-C62 -> 0 | E62: 0 | F62: 0 | G62: =E62-F62 -> 0 | H62: 0 | I62: 0 | J62: =H62-I62 -> 0 | K62: =E62/B62 -> #DIV/0! | L62: 0.7 | M62: =L62-K62 -> #DIV/0! | N62: =IFERROR(H62/E62,"") | O62: 250 | P62: =N62-O62 -> -250
A63: 46017 | B63: 0 | C63: 60 | D63: =B63-C63 -> -60 | E63: 0 | F63: 27 | G63: =E63-F63 -> -27 | H63: 0 | I63: 6750 | J63: =H63-I63 -> -6750 | K63: =E63/B63 -> #DIV/0! | L63: 0.7 | M63: =L63-K63 -> #DIV/0! | N63: =IFERROR(H63/E63,"") | O63: 250 | P63: =N63-O63 -> -250
A64: 46018 | B64: 0 | C64: 60 | D64: =B64-C64 -> -60 | E64: 0 | F64: 27 | G64: =E64-F64 -> -27 | H64: 0 | I64: 6750 | J64: =H64-I64 -> -6750 | K64: =E64/B64 -> #DIV/0! | L64: 0.7 | M64: =L64-K64 -> #DIV/0! | N64: =IFERROR(H64/E64,"") | O64: 250 | P64: =N64-O64 -> -250
A65: 46019
A66: 46020 | B66: 0 | C66: 60 | D66: =B66-C66 -> -60 | E66: 0 | F66: 27 | G66: =E66-F66 -> -27 | H66: 0 | I66: 6750 | J66: =H66-I66 -> -6750 | K66: =E66/B66 -> #DIV/0! | L66: 0.7 | M66: =L66-K66 -> #DIV/0! | N66: =IFERROR(H66/E66,"") | O66: 250 | P66: =N66-O66 -> -250
A67: 46021 | B67: 0 | C67: 0 | D67: =B67-C67 -> 0 | E67: 0 | F67: 0 | G67: =E67-F67 -> 0 | H67: 0 | I67: 0 | J67: =H67-I67 -> 0 | K67: =E67/B67 -> #DIV/0! | L67: 0.7 | M67: =L67-K67 -> #DIV/0! | N67: =IFERROR(H67/E67,"") | O67: 250 | P67: =N67-O67 -> -250
A68: 46022 | B68: 0 | C68: 0 | D68: =B68-C68 -> 0 | E68: 0 | F68: 0 | G68: =E68-F68 -> 0 | H68: 0 | I68: 0 | J68: =H68-I68 -> 0 | K68: =E68/B68 -> #DIV/0! | L68: 0.7 | M68: =L68-K68 -> #DIV/0! | N68: =IFERROR(H68/E68,"") | O68: 250 | P68: =N68-O68 -> -250
A69: Isabella | B69: =SUM(B70:B99) -> 94 | C69: =SUM(C70:C99) -> 418 | D69: =SUM(D70:D99) -> -324 | E69: =SUM(E70:E99) -> 85 | F69: =SUM(F70:F100) -> 207 | H69: =SUM(H70:H99) -> 12418.78 | I69: =SUM(I70:I99) -> 50000 | J69: =SUM(J70:J99) -> -37581.22 | K69: =E69/B69 -> 0.90425532 | L69: 0.5 | M69: =L69-K69 -> -0.40425532 | N69: =IFERROR(H69/E69,"") -> 146.10329 | O69: 250 | P69: =N69-O69 -> -103.89671
A70: 45992 | B70: 2 | C70: 15 | D70: =B70-C70 -> -13 | E70: 1 | F70: 9 | G70: =E70-F70 -> -8 | H70: 37.5 | I70: 2500 | J70: =H70-I70 -> -2462.5 | K70: =E70/B70 -> 0.5 | L70: 0.5 | M70: =L70-K70 -> 0 | N70: =IFERROR(H70/E70,"") -> 37.5 | O70: 250 | P70: =N70-O70 -> -212.5 | R70: DEZEMBRO
A71: 45993 | B71: 2 | C71: 15 | D71: =B71-C71 -> -13 | E71: 2 | F71: 9 | G71: =E71-F71 -> -7 | H71: 292.4 | I71: 2500 | J71: =H71-I71 -> -2207.6 | K71: =E71/B71 -> 1 | L71: 0.5 | M71: =L71-K71 -> -0.5 | N71: =IFERROR(H71/E71,"") -> 146.2 | O71: 250 | P71: =N71-O71 -> -103.8 | R71: Meta | S71: 50000 | T71: =S71-S74 -> 37581.22
A72: 45994 | B72: 1 | C72: 15 | D72: =B72-C72 -> -14 | E72: 1 | F72: 9 | G72: =E72-F72 -> -8 | H72: 134.39 | I72: 2500 | J72: =H72-I72 -> -2365.61 | K72: =E72/B72 -> 1 | L72: 0.5 | M72: =L72-K72 -> -0.5 | N72: =IFERROR(H72/E72,"") -> 134.39 | O72: 250 | P72: =N72-O72 -> -115.61 | R72: Meta x Dia | S72: =S71/30 -> 1666.6667
A73: 45995 | B73: 4 | C73: 15 | D73: =B73-C73 -> -11 | E73: 3 | F73: 9 | G73: =E73-F73 -> -6 | H73: 713.56 | I73: 2500 | J73: =H73-I73 -> -1786.44 | K73: =E73/B73 -> 0.75 | L73: 0.5 | M73: =L73-K73 -> -0.25 | N73: =IFERROR(H73/E73,"") -> 237.85333 | O73: 250 | P73: =N73-O73 -> -12.146667 | R73: Meta x Dia Útil | S73: =S71/20 -> 2500
A74: 45996 | B74: 9 | C74: 15 | D74: =B74-C74 -> -6 | E74: 6 | F74: 9 | G74: =E74-F74 -> -3 | H74: 816.61 | I74: 2500 | J74: =H74-I74 -> -1683.39 | K74: =E74/B74 -> 0.66666667 | L74: 0.5 | M74: =L74-K74 -> -0.16666667 | N74: =IFERROR(H74/E74,"") -> 136.10167 | O74: 250 | P74: =N74-O74 -> -113.89833 | R74: Realizado | S74: =H69 -> 12418.78
A75: 45997 | B75: 5 | C75: 15 | D75: =B75-C75 -> -10 | E75: 5 | F75: 9 | G75: =E75-F75 -> -4 | H75: 636.55 | I75: 0 | J75: =H75-I75 -> 636.55 | K75: =E75/B75 -> 1 | L75: 0.5 | M75: =L75-K75 -> -0.5 | N75: =IFERROR(H75/E75,"") -> 127.31 | O75: 250 | P75: =N75-O75 -> -122.69 | R75: % da Meta | S75: =S74/S71 -> 0.2483756
A76: 45998 | R76: Dias Útil Restante | S76: 4
A77: 45999 | B77: 6 | C77: 15 | D77: =B77-C77 -> -9 | E77: 6 | F77: 9 | G77: =E77-F77 -> -3 | H77: 740.06 | I77: 2500 | J77: =H77-I77 -> -1759.94 | K77: =E77/B77 -> 1 | L77: 0.5 | M77: =L77-K77 -> -0.5 | N77: =IFERROR(H77/E77,"") -> 123.34333 | O77: 250 | P77: =N77-O77 -> -126.65667 | R77: Meta dia Acumulado | S77: =(S71-S74)/S76 -> 9395.305
A78: 46000 | B78: 4 | C78: 15 | D78: =B78-C78 -> -11 | E78: 4 | F78: 9 | G78: =E78-F78 -> -5 | H78: 885.89 | I78: 2500 | J78: =H78-I78 -> -1614.11 | K78: =E78/B78 -> 1 | L78: 0.5 | M78: =L78-K78 -> -0.5 | N78: =IFERROR(H78/E78,"") -> 221.4725 | O78: 250 | P78: =N78-O78 -> -28.5275 | R78: Ticket Médio | S78: =N69 -> 146.10329
A79: 46001 | B79: 14 | C79: 15 | D79: =B79-C79 -> -1 | E79: 14 | F79: 9 | G79: =E79-F79 -> 5 | H79: 1604.11 | I79: 2500 | J79: =H79-I79 -> -895.89 | K79: =E79/B79 -> 1 | L79: 0.5 | M79: =L79-K79 -> -0.5 | N79: =IFERROR(H79/E79,"") -> 114.57929 | O79: 250 | P79: =N79-O79 -> -135.42071 | R79: Nº Leads | S79: =B69 -> 94
A80: 46002 | B80: 5 | C80: 15 | D80: =B80-C80 -> -10 | E80: 5 | F80: 9 | G80: =E80-F80 -> -4 | H80: 579.94 | I80: 2500 | J80: =H80-I80 -> -1920.06 | K80: =E80/B80 -> 1 | L80: 0.5 | M80: =L80-K80 -> -0.5 | N80: =IFERROR(H80/E80,"") -> 115.988 | O80: 250 | P80: =N80-O80 -> -134.012 | R80: Nº Vendas | S80: =E69 -> 85
A81: 46003 | B81: 6 | C81: 15 | D81: =B81-C81 -> -9 | E81: 6 | F81: 9 | G81: =E81-F81 -> -3 | H81: 569.78 | I81: 2500 | J81: =H81-I81 -> -1930.22 | K81: =E81/B81 -> 1 | L81: 0.5 | M81: =L81-K81 -> -0.5 | N81: =IFERROR(H81/E81,"") -> 94.963333 | O81: 250 | P81: =N81-O81 -> -155.03667 | R81: Taxa Conversão | S81: =E69/B69 -> 0.90425532
A82: 46004 | B82: 2 | C82: 15 | D82: =B82-C82 -> -13 | E82: 2 | F82: 9 | G82: =E82-F82 -> -7 | H82: 303.36 | I82: 0 | J82: =H82-I82 -> 303.36 | K82: =E82/B82 -> 1 | L82: 0.5 | M82: =L82-K82 -> -0.5 | N82: =IFERROR(H82/E82,"") -> 151.68 | O82: 250 | P82: =N82-O82 -> -98.32
A83: 46005
A84: 46006 | B84: 5 | C84: 15 | D84: =B84-C84 -> -10 | E84: 2 | F84: 9 | G84: =E84-F84 -> -7 | H84: 103.46 | I84: 2500 | J84: =H84-I84 -> -2396.54 | K84: =E84/B84 -> 0.4 | L84: 0.5 | M84: =L84-K84 -> 0.1 | N84: =IFERROR(H84/E84,"") -> 51.73 | O84: 250 | P84: =N84-O84 -> -198.27
A85: 46007 | B85: 3 | C85: 15 | D85: =B85-C85 -> -12 | E85: 3 | F85: 9 | G85: =E85-F85 -> -6 | H85: 504.25 | I85: 2500 | J85: =H85-I85 -> -1995.75 | K85: =E85/B85 -> 1 | L85: 0.5 | M85: =L85-K85 -> -0.5 | N85: =IFERROR(H85/E85,"") -> 168.08333 | O85: 250 | P85: =N85-O85 -> -81.916667
A86: 46008 | B86: 6 | C86: 15 | D86: =B86-C86 -> -9 | E86: 6 | F86: 9 | G86: =E86-F86 -> -3 | H86: 1501.85 | I86: 2500 | J86: =H86-I86 -> -998.15 | K86: =E86/B86 -> 1 | L86: 0.5 | M86: =L86-K86 -> -0.5 | N86: =IFERROR(H86/E86,"") -> 250.30833 | O86: 250 | P86: =N86-O86 -> 0.30833333
A87: 46009 | B87: 8 | C87: 15 | D87: =B87-C87 -> -7 | E87: 7 | F87: 9 | G87: =E87-F87 -> -2 | H87: 1367.57 | I87: 2500 | J87: =H87-I87 -> -1132.43 | K87: =E87/B87 -> 0.875 | L87: 0.5 | M87: =L87-K87 -> -0.375 | N87: =IFERROR(H87/E87,"") -> 195.36714 | O87: 250 | P87: =N87-O87 -> -54.632857
A88: 46010 | B88: 5 | C88: 15 | D88: =B88-C88 -> -10 | E88: 5 | F88: 9 | G88: =E88-F88 -> -4 | H88: 339.35 | I88: 2500 | J88: =H88-I88 -> -2160.65 | K88: =E88/B88 -> 1 | L88: 0.5 | M88: =L88-K88 -> -0.5 | N88: =IFERROR(H88/E88,"") -> 67.87 | O88: 250 | P88: =N88-O88 -> -182.13
A89: 46011 | B89: 2 | C89: 15 | D89: =B89-C89 -> -13 | E89: 2 | F89: 9 | G89: =E89-F89 -> -7 | H89: 303.06 | I89: 0 | J89: =H89-I89 -> 303.06 | K89: =E89/B89 -> 1 | L89: 0.5 | M89: =L89-K89 -> -0.5 | N89: =IFERROR(H89/E89,"") -> 151.53 | O89: 250 | P89: =N89-O89 -> -98.47
A90: 46012
A91: 46013 | B91: 5 | C91: 15 | D91: =B91-C91 -> -10 | E91: 5 | F91: 9 | G91: =E91-F91 -> -4 | H91: 985.09 | I91: 2500 | J91: =H91-I91 -> -1514.91 | K91: =E91/B91 -> 1 | L91: 0.5 | M91: =L91-K91 -> -0.5 | N91: =IFERROR(H91/E91,"") -> 197.018 | O91: 250 | P91: =N91-O91 -> -52.982
A92: 46014 | B92: 0 | C92: 15 | D92: =B92-C92 -> -15 | E92: 0 | F92: 9 | G92: =E92-F92 -> -9 | H92: 0 | I92: 2500 | J92: =H92-I92 -> -2500 | K92: =E92/B92 -> #DIV/0! | L92: 0.5 | M92: =L92-K92 -> #DIV/0! | N92: =IFERROR(H92/E92,"") | O92: 250 | P92: =N92-O92 -> -250
A93: 46015 | B93: 0 | C93: 15 | D93: =B93-C93 -> -15 | E93: 0 | F93: 0 | G93: =E93-F93 -> 0 | H93: 0 | I93: 0 | J93: =H93-I93 -> 0 | K93: =E93/B93 -> #DIV/0! | L93: 0.5 | M93: =L93-K93 -> #DIV/0! | N93: =IFERROR(H93/E93,"") | O93: 250 | P93: =N93-O93 -> -250
A94: 46016 | B94: 0 | C94: 15 | D94: =B94-C94 -> -15 | E94: 0 | F94: 0 | G94: =E94-F94 -> 0 | H94: 0 | I94: 0 | J94: =H94-I94 -> 0 | K94: =E94/B94 -> #DIV/0! | L94: 0.5 | M94: =L94-K94 -> #DIV/0! | N94: =IFERROR(H94/E94,"") | O94: 250 | P94: =N94-O94 -> -250
A95: 46017 | B95: 0 | C95: 15 | D95: =B95-C95 -> -15 | E95: 0 | F95: 9 | G95: =E95-F95 -> -9 | H95: 0 | I95: 2500 | J95: =H95-I95 -> -2500 | K95: =E95/B95 -> #DIV/0! | L95: 0.5 | M95: =L95-K95 -> #DIV/0! | N95: =IFERROR(H95/E95,"") | O95: 250 | P95: =N95-O95 -> -250
A96: 46018 | B96: 0 | C96: 15 | D96: =B96-C96 -> -15 | E96: 0 | F96: 9 | G96: =E96-F96 -> -9 | H96: 0 | I96: 2500 | J96: =H96-I96 -> -2500 | K96: =E96/B96 -> #DIV/0! | L96: 0.5 | M96: =L96-K96 -> #DIV/0! | N96: =IFERROR(H96/E96,"") | O96: 250 | P96: =N96-O96 -> -250
A97: 46019
A98: 46020 | B98: 0 | C98: 29 | D98: =B98-C98 -> -29 | E98: 0 | F98: 9 | G98: =E98-F98 -> -9 | H98: 0 | I98: 2500 | J98: =H98-I98 -> -2500 | K98: =E98/B98 -> #DIV/0! | L98: 0.5 | M98: =L98-K98 -> #DIV/0! | N98: =IFERROR(H98/E98,"") | O98: 250 | P98: =N98-O98 -> -250
A99: 46021 | B99: 0 | C99: 29 | D99: =B99-C99 -> -29 | E99: 0 | F99: 0 | G99: =E99-F99 -> 0 | H99: 0 | I99: 0 | J99: =H99-I99 -> 0 | K99: =E99/B99 -> #DIV/0! | L99: 0.5 | M99: =L99-K99 -> #DIV/0! | N99: =IFERROR(H99/E99,"") | O99: 250 | P99: =N99-O99 -> -250
A100: 46022 | B100: 0 | C100: 29 | D100: =B100-C100 -> -29 | E100: 0 | F100: 0 | G100: =E100-F100 -> 0 | H100: 0 | I100: 0 | J100: =H100-I100 -> 0 | K100: =E100/B100 -> #DIV/0! | L100: 0.5 | M100: =L100-K100 -> #DIV/0! | N100: =IFERROR(H100/E100,"") | O100: 250 | P100: =N100-O100 -> -250

Sheet RONDAS
A1: Ronda | B1: 10h | E1: 12h | H1: 14h | K1: 16h | N1: 18h | Q1: 20h
A2: Dia | B2: Meta | C2: Realizado | D2: Gap | E2: Meta | F2: Realizado | G2: Gap | H2: Meta | I2: Realizado | J2: Gap | K2: Meta | L2: Realizado | M2: Gap | N2: Meta | O2: Realizado | P2: Gap | Q2: Meta | R2: Realizado | S2: Gap
C3: R$ 0,00
A4: 45993 | B4: =SUM(B5:B12) -> 5189.73 | C4: =SUM(C5:C11) -> 1956.99 | D4: =C4-B4 -> -3232.74 | E4: =B4*2 -> 10379.46 | F4: =SUM(F5:F11) -> 5702.36 | G4: =F4-E4 -> -4677.1 | H4: =B4*3 -> 15569.19 | I4: =SUM(I5:I11) -> 7235.59 | J4: =I4-H4 -> -8333.6 | K4: =B4*4 -> 20758.92 | L4: =SUM(L5:L11) -> 8658.51 | M4: =L4-K4 -> -12100.41 | N4: =B4*5 -> 25948.65 | O4: =SUM(O5:O11) -> 12984.5 | P4: =O4-N4 -> -12964.15 | Q4: =N4 -> 25948.65 | R4: =SUM(R5:R11) -> 0 | S4: =Q4-R4 -> 25948.65
A5: HAGATA | B5: 917.58 | C5: 0 | D5: =C5-B5 -> -917.58 | E5: =B5*2 -> 1835.16 | F5: 1454.09 | G5: =F5-E5 -> -381.07 | H5: =B5*3 -> 2752.74 | I5: 1604.32 | J5: =H5-I5 -> 1148.42 | K5: =B5*4 -> 3670.32 | L5: 1604.32 | M5: =L5-K5 -> -2066 | N5: =B5*5 -> 4587.9 | O5: 4140.15 | P5: =O5-N5 -> -447.75 | Q5: =N5 -> 4587.9 | R5: 0 | S5: =Q5-R5 -> 4587.9
A6: GUSTAVO | B6: 1351.58 | C6: 1250 | D6: =C6-B6 -> -101.58 | E6: =B6*2 -> 2703.16 | F6: 2045.48 | G6: =F6-E6 -> -657.68 | H6: =B6*3 -> 4054.74 | I6: 3078.48 | J6: =H6-I6 -> 976.26 | K6: =B6*4 -> 5406.32 | L6: 3236.4 | M6: =L6-K6 -> -2169.92 | N6: =B6*5 -> 6757.9 | O6: 3934.29 | P6: =O6-N6 -> -2823.61 | Q6: =N6 -> 6757.9 | R6: 0 | S6: =Q6-R6 -> 6757.9
A7: THALIA | B7: 757.07 | C7: 281.99 | D7: =C7-B7 -> -475.08 | E7: =B7*2 -> 1514.14 | F7: 416.99 | G7: =F7-E7 -> -1097.15 | H7: =B7*3 -> 2271.21 | I7: 416.99 | J7: =H7-I7 -> 1854.22 | K7: =B7*4 -> 3028.28 | L7: 1291.99 | M7: =L7-K7 -> -1736.29 | N7: =B7*5 -> 3785.35 | O7: 2051.6 | P7: =O7-N7 -> -1733.75 | Q7: =N7 -> 3785.35 | R7: 0 | S7: =Q7-R7 -> 3785.35
A8: ISA C | B8: 551.89 | C8: 0 | D8: =C8-B8 -> -551.89 | E8: =B8*2 -> 1103.78 | F8: 0 | G8: =F8-E8 -> -1103.78 | H8: =B8*3 -> 1655.67 | I8: 0 | J8: =H8-I8 -> 1655.67 | K8: =B8*4 -> 2207.56 | L8: 0 | M8: =L8-K8 -> -2207.56 | N8: =B8*5 -> 2759.45 | O8: 0 | P8: =O8-N8 -> -2759.45 | Q8: =N8 -> 2759.45 | R8: 0 | S8: =Q8-R8 -> 2759.45
A9: MIRIAN | B9: 633.74 | C9: 425 | D9: =C9-B9 -> -208.74 | E9: =B9*2 -> 1267.48 | F9: 1680.86 | G9: =F9-E9 -> 413.38 | H9: =B9*3 -> 1901.22 | I9: 2030.86 | J9: =H9-I9 -> -129.64 | K9: =B9*4 -> 2534.96 | L9: 2030.86 | M9: =L9-K9 -> -504.1 | N9: =B9*5 -> 3168.7 | O9: 2159.59 | P9: =O9-N9 -> -1009.11 | Q9: =N9 -> 3168.7 | R9: 0 | S9: =Q9-R9 -> 3168.7
A10: GABRIELA | B10: 489.28 | C10: 0 | D10: =C10-B10 -> -489.28 | E10: =B10*2 -> 978.56 | F10: 49.94 | G10: =F10-E10 -> -928.62 | H10: =B10*3 -> 1467.84 | I10: 49.94 | J10: =H10-I10 -> 1417.9 | K10: =B10*4 -> 1957.12 | L10: 439.94 | M10: =L10-K10 -> -1517.18 | N10: =B10*5 -> 2446.4 | O10: 439.94 | P10: =O10-N10 -> -2006.46 | Q10: =N10 -> 2446.4 | R10: 0 | S10: =Q10-R10 -> 2446.4
A11: ISABELA H | B11: 488.59 | C11: 0 | D11: =C11-B11 -> -488.59 | E11: =B11*2 -> 977.18 | F11: 55 | G11: =F11-E11 -> -922.18 | H11: =B11*3 -> 1465.77 | I11: 55 | J11: =H11-I11 -> 1410.77 | K11: =B11*4 -> 1954.36 | L11: 55 | M11: =L11-K11 -> -1899.36 | N11: =B11*5 -> 2442.95 | O11: 258.93 | P11: =O11-N11 -> -2184.02 | Q11: =N11 -> 2442.95 | R11: 0 | S11: =Q11-R11 -> 2442.95
C12: R$ 0,00
A13: 45995 | B13: =SUM(B14:B21) -> 5404.92 | C13: =SUM(C14:C20) -> 3370.36 | D13: =C13-B13 -> -2034.56 | E13: =B13*2 -> 10809.84 | F13: =SUM(F14:F20) -> 5646.3 | G13: =F13-E13 -> -5163.54 | H13: =B13*3 -> 16214.76 | I13: =SUM(I14:I20) -> 6589.47 | J13: =I13-H13 -> -9625.29 | K13: =B13*4 -> 21619.68 | L13: =SUM(L14:L20) -> 9253.25 | M13: =L13-K13 -> -12366.43 | N13: =B13*5 -> 27024.6 | O13: =SUM(O14:O20) -> 11177.09 | P13: =O13-N13 -> -15847.51 | Q13: =N13 -> 27024.6 | R13: =SUM(R14:R214) -> 377917.16 | S13: =R13-Q13 -> 350892.56
A14: HAGATA | B14: 976.82 | C14: 990.09 | D14: =C14-B14 -> 13.27 | E14: =B14*2 -> 1953.64 | F14: 1251.17 | G14: =F14-E14 -> -702.47 | H14: =B14*3 -> 2930.46 | I14: 1701.17 | J14: =I14-H14 -> -1229.29 | K14: =B14*4 -> 3907.28 | L14: 1889.96 | M14: =L14-K14 -> -2017.32 | N14: =B14*5 -> 4884.1 | O14: 3100.81 | P14: =O14-N14 -> -1783.29 | Q14: =N14 -> 4884.1 | R14: 3316.81 | S14: =R14-Q14 -> -1567.29
A15: GUSTAVO | B15: 1384.79 | C15: 1559.06 | D15: =C15-B15 -> 174.27 | E15: =B15*2 -> 2769.58 | F15: 2153.06 | G15: =F15-E15 -> -616.52 | H15: =B15*3 -> 4154.37 | I15: 2398.64 | J15: =I15-H15 -> -1755.73 | K15: =B15*4 -> 5539.16 | L15: 3280.64 | M15: =L15-K15 -> -2258.52 | N15: =B15*5 -> 6923.95 | O15: 3478.13 | P15: =O15-N15 -> -3445.82 | Q15: =N15 -> 6923.95 | R15: 4424.29 | S15: =R15-Q15 -> -2499.66
A16: THALIA | B16: 777.47 | C16: 353 | D16: =C16-B16 -> -424.47 | E16: =B16*2 -> 1554.94 | F16: 786.52 | G16: =F16-E16 -> -768.42 | H16: =B16*3 -> 2332.41 | I16: 993.27 | J16: =I16-H16 -> -1339.14 | K16: =B16*4 -> 3109.88 | L16: 1671.24 | M16: =L16-K16 -> -1438.64 | N16: =B16*5 -> 3887.35 | O16: 1786.74 | P16: =O16-N16 -> -2100.61 | Q16: =N16 -> 3887.35 | R16: 1786.24 | S16: =R16-Q16 -> -2101.11
A17: ISA C | B17: 582.77 | C17: 0 | D17: =C17-B17 -> -582.77 | E17: =B17*2 -> 1165.54 | F17: 134.39 | G17: =F17-E17 -> -1031.15 | H17: =B17*3 -> 1748.31 | I17: 75.31 | J17: =I17-H17 -> -1673 | K17: =B17*4 -> 2331.08 | L17: 591.26 | M17: =L17-K17 -> -1739.82 | N17: =B17*5 -> 2913.85 | O17: 591.26 | P17: =O17-N17 -> -2322.59 | Q17: =N17 -> 2913.85 | R17: 713.56 | S17: =R17-Q17 -> -2200.29
A18: MIRIAN | B18: 677.38 | C18: 468.21 | D18: =C18-B18 -> -209.17 | E18: =B18*2 -> 1354.76 | F18: 1009.2 | G18: =F18-E18 -> -345.56 | H18: =B18*3 -> 2032.14 | I18: 1009.2 | J18: =I18-H18 -> -1022.94 | K18: =B18*4 -> 2709.52 | L18: 1009.2 | M18: =L18-K18 -> -1700.32 | N18: =B18*5 -> 3386.9 | O18: 1409.2 | P18: =O18-N18 -> -1977.7 | Q18: =N18 -> 3386.9 | R18: 1409.2 | S18: =R18-Q18 -> -1977.7
A19: GABRIELA | B19: 512.89 | C19: 0 | D19: =C19-B19 -> -512.89 | E19: =B19*2 -> 1025.78 | F19: 0 | G19: =F19-E19 -> -1025.78 | H19: =B19*3 -> 1538.67 | I19: 99.92 | J19: =I19-H19 -> -1438.75 | K19: =B19*4 -> 2051.56 | L19: 498.99 | M19: =L19-K19 -> -1552.57 | N19: =B19*5 -> 2564.45 | O19: 498.99 | P19: =O19-N19 -> -2065.46 | Q19: =N19 -> 2564.45 | R19: 498.99 | S19: =R19-Q19 -> -2065.46
A20: ISABELA H | B20: 492.8 | C20: 0 | D20: =C20-B20 -> -492.8 | E20: =B20*2 -> 985.6 | F20: 311.96 | G20: =F20-E20 -> -673.64 | H20: =B20*3 -> 1478.4 | I20: 311.96 | J20: =I20-H20 -> -1166.44 | K20: =B20*4 -> 1971.2 | L20: 311.96 | M20: =L20-K20 -> -1659.24 | N20: =B20*5 -> 2464 | O20: 311.96 | P20: =O20-N20 -> -2152.04 | Q20: =N20 -> 2464 | R20: 311.96 | S20: =R20-Q20 -> -2152.04
C21: R$ 0,00 | R21: 677.36
A22: 45996 | B22: =SUM(B23:B30) -> 5591.67 | C22: =SUM(C23:C29) -> 4164.1 | D22: =C22-B22 -> -1427.57 | E22: =B22*2 -> 11183.34 | F22: =SUM(F23:F29) -> 5992.07 | G22: =F22-E22 -> -5191.27 | H22: =B22*3 -> 16775.01 | I22: =SUM(I23:I29) -> 9476.2 | J22: =I22-H22 -> -7298.81 | K22: =B22*4 -> 22366.68 | L22: =SUM(L23:L29) -> 11593.59 | M22: =L22-K22 -> -10773.09 | N22: =B22*5 -> 27958.35 | O22: =SUM(O23:O29) -> 14482.87 | P22: =O22-N22 -> -13475.48 | Q22: =N22 -> 27958.35 | R22: 18642.39 | S22: =R22-Q22 -> -9315.96
A23: HAGATA | B23: 996.36 | C23: 0 | D23: =C23-B23 -> -996.36 | E23: =B23*2 -> 1992.72 | F23: 1074.75 | G23: =F23-E23 -> -917.97 | H23: =B23*3 -> 2989.08 | I23: 1384.75 | J23: =I23-H23 -> -1604.33 | K23: =B23*4 -> 3985.44 | L23: 1574.94 | M23: =L23-K23 -> -2410.5 | N23: =B23*5 -> 4981.8 | O23: 1574.94 | P23: =O23-N23 -> -3406.86 | Q23: =N23 -> 4981.8 | R23: 0 | S23: =R23-Q23 -> -4981.8
A24: GUSTAVO | B24: 1420.77 | C24: 1247.75 | D24: =C24-B24 -> -173.02 | E24: =B24*2 -> 2841.54 | F24: 1247.75 | G24: =F24-E24 -> -1593.79 | H24: =B24*3 -> 4262.31 | I24: 2559.59 | J24: =I24-H24 -> -1702.72 | K24: =B24*4 -> 5683.08 | L24: 3894.56 | M24: =L24-K24 -> -1788.52 | N24: =B24*5 -> 7103.85 | O24: 5710.81 | P24: =O24-N24 -> -1393.04 | Q24: =N24 -> 7103.85 | R24: 0 | S24: =R24-Q24 -> -7103.85
A25: THALIA | B25: 803.73 | C25: 618 | D25: =C25-B25 -> -185.73 | E25: =B25*2 -> 1607.46 | F25: 720.59 | G25: =F25-E25 -> -886.87 | H25: =B25*3 -> 2411.19 | I25: 1574.71 | J25: =I25-H25 -> -836.48 | K25: =B25*4 -> 3214.92 | L25: 1804.57 | M25: =L25-K25 -> -1410.35 | N25: =B25*5 -> 4018.65 | O25: 2486.57 | P25: =O25-N25 -> -1532.08 | Q25: =N25 -> 4018.65 | R25: 0 | S25: =R25-Q25 -> -4018.65
A26: ISA C | B26: 610.28 | C26: 548.01 | D26: =C26-B26 -> -62.27 | E26: =B26*2 -> 1220.56 | F26: 606.07 | G26: =F26-E26 -> -614.49 | H26: =B26*3 -> 1830.84 | I26: 606.07 | J26: =I26-H26 -> -1224.77 | K26: =B26*4 -> 2441.12 | L26: 719.34 | M26: =L26-K26 -> -1721.78 | N26: =B26*5 -> 3051.4 | O26: 816.61 | P26: =O26-N26 -> -2234.79 | Q26: =N26 -> 3051.4 | R26: 0 | S26: =R26-Q26 -> -3051.4
A27: MIRIAN | B27: 702.1 | C27: 698 | D27: =C27-B27 -> -4.1 | E27: =B27*2 -> 1404.2 | F27: 1019.19 | G27: =F27-E27 -> -385.01 | H27: =B27*3 -> 2106.3 | I27: 1694.19 | J27: =I27-H27 -> -412.11 | K27: =B27*4 -> 2808.4 | L27: 1802.35 | M27: =L27-K27 -> -1006.05 | N27: =B27*5 -> 3510.5 | O27: 1802.35 | P27: =O27-N27 -> -1708.15 | Q27: =N27 -> 3510.5 | R27: 0 | S27: =R27-Q27 -> -3510.5
A28: GABRIELA | B28: 538.73 | C28: 424.86 | D28: =C28-B28 -> -113.87 | E28: =B28*2 -> 1077.46 | F28: 696.24 | G28: =F28-E28 -> -381.22 | H28: =B28*3 -> 1616.19 | I28: 1029.41 | J28: =I28-H28 -> -586.78 | K28: =B28*4 -> 2154.92 | L28: 1170.35 | M28: =L28-K28 -> -984.57 | N28: =B28*5 -> 2693.65 | O28: 1464.11 | P28: =O28-N28 -> -1229.54 | Q28: =N28 -> 2693.65 | R28: 0 | S28: =R28-Q28 -> -2693.65
A29: ISABELA H | B29: 519.7 | C29: 627.48 | D29: =C29-B29 -> 107.78 | E29: =B29*2 -> 1039.4 | F29: 627.48 | G29: =F29-E29 -> -411.92 | H29: =B29*3 -> 1559.1 | I29: 627.48 | J29: =I29-H29 -> -931.62 | K29: =B29*4 -> 2078.8 | L29: 627.48 | M29: =L29-K29 -> -1451.32 | N29: =B29*5 -> 2598.5 | O29: 627.48 | P29: =O29-N29 -> -1971.02 | Q29: =N29 -> 2598.5 | R29: 0 | S29: =R29-Q29 -> -2598.5
C30: R$ 0,00 | R30: 677.36
A31: 45997 | B31: =SUM(B32:B39) -> 3700 | C31: =SUM(C32:C38) -> 1567.45 | D31: =C31-B31 -> -2132.55 | E31: =B31*2 -> 7400 | F31: =SUM(F32:F38) -> 3570.62 | G31: =F31-E31 -> -3829.38 | H31: =B31*3 -> 11100 | I31: =SUM(I32:I38) -> 0 | J31: =I31-H31 -> -11100 | K31: =B31*4 -> 14800 | L31: =SUM(L32:L38) -> 0 | M31: =L31-K31 -> -14800 | N31: =B31*5 -> 18500 | O31: =SUM(O32:O38) -> 0 | P31: =O31-N31 -> -18500 | Q31: =N31 -> 18500 | R31: 18642.39 | S31: =R31-Q31 -> 142.39
A32: HAGATA | B32: 800 | C32: 0 | D32: =C32-B32 -> -800 | E32: =B32*2 -> 1600 | F32: 217.31 | G32: =F32-E32 -> -1382.69 | H32: =B32*3 -> 2400 | I32: 0 | J32: =I32-H32 -> -2400 | K32: =B32*4 -> 3200 | L32: 0 | M32: =L32-K32 -> -3200 | N32: =B32*5 -> 4000 | O32: 0 | P32: =O32-N32 -> -4000 | Q32: =N32 -> 4000 | R32: 0 | S32: =R32-Q32 -> -4000
A33: GUSTAVO | B33: 1000 | C33: 1143.96 | D33: =C33-B33 -> 143.96 | E33: =B33*2 -> 2000 | F33: 2104.8 | G33: =F33-E33 -> 104.8 | H33: =B33*3 -> 3000 | I33: 0 | J33: =I33-H33 -> -3000 | K33: =B33*4 -> 4000 | L33: 0 | M33: =L33-K33 -> -4000 | N33: =B33*5 -> 5000 | O33: 0 | P33: =O33-N33 -> -5000 | Q33: =N33 -> 5000 | R33: 0 | S33: =R33-Q33 -> -5000
A34: THALIA | B34: 800 | C34: 423.49 | D34: =C34-B34 -> -376.51 | E34: =B34*2 -> 1600 | F34: 611.96 | G34: =F34-E34 -> -988.04 | H34: =B34*3 -> 2400 | I34: 0 | J34: =I34-H34 -> -2400 | K34: =B34*4 -> 3200 | L34: 0 | M34: =L34-K34 -> -3200 | N34: =B34*5 -> 4000 | O34: 0 | P34: =O34-N34 -> -4000 | Q34: =N34 -> 4000 | R34: 0 | S34: =R34-Q34 -> -4000
A35: ISA C | B35: 600 | C35: 0 | D35: =C35-B35 -> -600 | E35: =B35*2 -> 1200 | F35: 636.55 | G35: =F35-E35 -> -563.45 | H35: =B35*3 -> 1800 | I35: 0 | J35: =I35-H35 -> -1800 | K35: =B35*4 -> 2400 | L35: 0 | M35: =L35-K35 -> -2400 | N35: =B35*5 -> 3000 | O35: 0 | P35: =O35-N35 -> -3000 | Q35: =N35 -> 3000 | R35: 0 | S35: =R35-Q35 -> -3000
A36: MIRIAN | B36: 500 | C36: 0 | D36: =C36-B36 -> -500 | E36: =B36*2 -> 1000 | F36: 0 | G36: =F36-E36 -> -1000 | H36: =B36*3 -> 1500 | I36: 0 | J36: =I36-H36 -> -1500 | K36: =B36*4 -> 2000 | L36: 0 | M36: =L36-K36 -> -2000 | N36: =B36*5 -> 2500 | O36: 0 | P36: =O36-N36 -> -2500 | Q36: =N36 -> 2500 | R36: 0 | S36: =R36-Q36 -> -2500
A37: GABRIELA | B37: 0 | C37: 0 | D37: =C37-B37 -> 0 | E37: =B37*2 -> 0 | F37: 0 | G37: =F37-E37 -> 0 | H37: =B37*3 -> 0 | I37: 0 | J37: =I37-H37 -> 0 | K37: =B37*4 -> 0 | L37: 0 | M37: =L37-K37 -> 0 | N37: =B37*5 -> 0 | O37: 0 | P37: =O37-N37 -> 0 | Q37: =N37 -> 0 | R37: 0 | S37: =R37-Q37 -> 0
A38: ISABELA H | B38: 0 | C38: 0 | D38: =C38-B38 -> 0 | E38: =B38*2 -> 0 | F38: 0 | G38: =F38-E38 -> 0 | H38: =B38*3 -> 0 | I38: 0 | J38: =I38-H38 -> 0 | K38: =B38*4 -> 0 | L38: 0 | M38: =L38-K38 -> 0 | N38: =B38*5 -> 0 | O38: 0 | P38: =O38-N38 -> 0 | Q38: =N38 -> 0 | R38: 0 | S38: =R38-Q38 -> 0
C39: R$ 0,00 | R39: 677.36
A40: 45999 | B40: =SUM(B41:B48) -> 5134.7 | C40: =SUM(C41:C47) -> 1392.39 | D40: =C40-B40 -> -3742.31 | E40: =B40*2 -> 10269.4 | F40: =SUM(F41:F47) -> 2499.69 | G40: =F40-E40 -> -7769.71 | H40: =B40*3 -> 15404.1 | I40: =SUM(I41:I47) -> 4836.39 | J40: =I40-H40 -> -10567.71 | K40: =B40*4 -> 20538.8 | L40: =SUM(L41:L47) -> 8629.34 | M40: =L40-K40 -> -11909.46 | N40: =B40*5 -> 25673.5 | O40: =SUM(O41:O47) -> 13970.3 | P40: =O40-N40 -> -11703.2 | Q40: =N40 -> 25673.5 | R40: 18033.93 | S40: =R40-Q40 -> -7639.57
A41: HAGATA | B41: 1015.87 | C41: 0 | D41: =C41-B41 -> -1015.87 | E41: =B41*2 -> 2031.74 | F41: 560.64 | G41: =F41-E41 -> -1471.1 | H41: =B41*3 -> 3047.61 | I41: 1097.79 | J41: =I41-H41 -> -1949.82 | K41: =B41*4 -> 4063.48 | L41: 1693.33 | M41: =L41-K41 -> -2370.15 | N41: =B41*5 -> 5079.35 | O41: 4313.24 | P41: =O41-N41 -> -766.11 | Q41: =N41 -> 5079.35 | R41: 5110.57 | S41: =R41-Q41 -> 31.22
A42: GUSTAVO | B42: 1391.6 | C42: 1108 | D42: =C42-B42 -> -283.6 | E42: =B42*2 -> 2783.2 | F42: 1598.97 | G42: =F42-E42 -> -1184.23 | H42: =B42*3 -> 4174.8 | I42: 3323.87 | J42: =I42-H42 -> -850.93 | K42: =B42*4 -> 5566.4 | L42: 4844.56 | M42: =L42-K42 -> -721.84 | N42: =B42*5 -> 6958 | O42: 6396.22 | P42: =O42-N42 -> -561.78 | Q42: =N42 -> 6958 | R42: 6975.95 | S42: =R42-Q42 -> 17.95
A43: THALIA | B43: 815.66 | C43: 50 | D43: =C43-B43 -> -765.66 | E43: =B43*2 -> 1631.32 | F43: 50 | G43: =F43-E43 -> -1581.32 | H43: =B43*3 -> 2446.98 | I43: 50 | J43: =I43-H43 -> -2396.98 | K43: =B43*4 -> 3262.64 | L43: 1308.71 | M43: =L43-K43 -> -1953.93 | N43: =B43*5 -> 4078.3 | O43: 1988.44 | P43: =O43-N43 -> -2089.86 | Q43: =N43 -> 4078.3 | R43: 2038.44 | S43: =R43-Q43 -> -2039.86
A44: ISA C | B44: 631.59 | C44: 0 | D44: =C44-B44 -> -631.59 | E44: =B44*2 -> 1263.18 | F44: 0 | G44: =F44-E44 -> -1263.18 | H44: =B44*3 -> 1894.77 | I44: 0 | J44: =I44-H44 -> -1894.77 | K44: =B44*4 -> 2526.36 | L44: 0 | M44: =L44-K44 -> -2526.36 | N44: =B44*5 -> 3157.95 | O44: 0 | P44: =O44-N44 -> -3157.95 | Q44: =N44 -> 3157.95 | R44: 740.06 | S44: =R44-Q44 -> -2417.89
A45: MIRIAN | B45: 724.88 | C45: 234.39 | D45: =C45-B45 -> -490.49 | E45: =B45*2 -> 1449.76 | F45: 290.08 | G45: =F45-E45 -> -1159.68 | H45: =B45*3 -> 2174.64 | I45: 290.88 | J45: =I45-H45 -> -1883.76 | K45: =B45*4 -> 2899.52 | L45: 343.36 | M45: =L45-K45 -> -2556.16 | N45: =B45*5 -> 3624.4 | O45: 770.47 | P45: =O45-N45 -> -2853.93 | Q45: =N45 -> 3624.4 | R45: 770.47 | S45: =R45-Q45 -> -2853.93
A46: GABRIELA | B46: 555.1 | C46: 0 | D46: =C46-B46 -> -555.1 | E46: =B46*2 -> 1110.2 | F46: 0 | G46: =F46-E46 -> -1110.2 | H46: =B46*3 -> 1665.3 | I46: 73.85 | J46: =I46-H46 -> -1591.45 | K46: =B46*4 -> 2220.4 | L46: 439.38 | M46: =L46-K46 -> -1781.02 | N46: =B46*5 -> 2775.5 | O46: 501.93 | P46: =O46-N46 -> -2273.57 | Q46: =N46 -> 2775.5 | R46: 501.93 | S46: =R46-Q46 -> -2273.57
A47: LONDRINA | B47: 0 | C47: 0 | D47: =C47-B47 -> 0 | E47: =B47*2 -> 0 | F47: 0 | G47: =F47-E47 -> 0 | H47: =B47*3 -> 0 | I47: 0 | J47: =I47-H47 -> 0 | K47: =B47*4 -> 0 | L47: 0 | M47: =L47-K47 -> 0 | N47: =B47*5 -> 0 | O47: 0 | P47: =O47-N47 -> 0 | Q47: =N47 -> 0 | R47: 1817.05 | S47: =R47-Q47 -> 1817.05
C48: R$ 0,00 | R48: 677.36
A49: 45999 | B49: =SUM(B50:B57) -> 5270.98 | C49: =SUM(C50:C56) -> 3487.04 | D49: =C49-B49 -> -1783.94 | E49: =B49*2 -> 10541.96 | F49: =SUM(F50:F56) -> 5568.52 | G49: =F49-E49 -> -4973.44 | H49: =B49*3 -> 15812.94 | I49: =SUM(I50:I56) -> 8023.52 | J49: =I49-H49 -> -7789.42 | K49: =B49*4 -> 21083.92 | L49: =SUM(L50:L56) -> 11852 | M49: =L49-K49 -> -9231.92 | N49: =B49*5 -> 26354.9 | O49: =SUM(O50:O56) -> 16250.04 | P49: =O49-N49 -> -10104.86 | Q49: =N49 -> 26354.9 | R49: =SUM(R50:R56) -> 17980.25 | S49: =R49-Q49 -> -8374.65
A50: HAGATA | B50: 1015.41 | C50: 0 | D50: =C50-B50 -> -1015.41 | E50: =B50*2 -> 2030.82 | F50: 153.56 | G50: =F50-E50 -> -1877.26 | H50: =B50*3 -> 3046.23 | I50: 484.79 | J50: =I50-H50 -> -2561.44 | K50: =B50*4 -> 4061.64 | L50: 484.79 | M50: =L50-K50 -> -3576.85 | N50: =B50*5 -> 5077.05 | O50: 484.79 | P50: =O50-N50 -> -4592.26 | Q50: =N50 -> 5077.05 | R50: 484.79 | S50: =R50-Q50 -> -4592.26
A51: GUSTAVO | B51: 1391.42 | C51: 1762.83 | D51: =C51-B51 -> 371.41 | E51: =B51*2 -> 2782.84 | F51: 2839.17 | G51: =F51-E51 -> 56.33 | H51: =B51*3 -> 4174.26 | I51: 3935.75 | J51: =I51-H51 -> -238.51 | K51: =B51*4 -> 5565.68 | L51: 6743.72 | M51: =L51-K51 -> 1178.04 | N51: =B51*5 -> 6957.1 | O51: 7645.16 | P51: =O51-N51 -> 688.06 | Q51: =N51 -> 6957.1 | R51: 7762.95 | S51: =R51-Q51 -> 805.85
A52: THALIA | B52: 844.81 | C52: 1081.21 | D52: =C52-B52 -> 236.4 | E52: =B52*2 -> 1689.62 | F52: 1423.11 | G52: =F52-E52 -> -266.51 | H52: =B52*3 -> 2534.43 | I52: 1423.11 | J52: =I52-H52 -> -1111.32 | K52: =B52*4 -> 3379.24 | L52: 2127.49 | M52: =L52-K52 -> -1251.75 | N52: =B52*5 -> 4224.05 | O52: 3366.49 | P52: =O52-N52 -> -857.56 | Q52: =N52 -> 4224.05 | R52: 3366.49 | S52: =R52-Q52 -> -857.56
A53: ISA C | B53: 666.11 | C53: 0 | D53: =C53-B53 -> -666.11 | E53: =B53*2 -> 1332.22 | F53: 0 | G53: =F53-E53 -> -1332.22 | H53: =B53*3 -> 1998.33 | I53: 197.15 | J53: =I53-H53 -> -1801.18 | K53: =B53*4 -> 2664.44 | L53: 197.15 | M53: =L53-K53 -> -2467.29 | N53: =B53*5 -> 3330.55 | O53: 197.15 | P53: =O53-N53 -> -3133.4 | Q53: =N53 -> 3330.55 | R53: 885.89 | S53: =R53-Q53 -> -2444.66
A54: MIRIAN | B54: 765.65 | C54: 286.06 | D54: =C54-B54 -> -479.59 | E54: =B54*2 -> 1531.3 | F54: 660.74 | G54: =F54-E54 -> -870.56 | H54: =B54*3 -> 2296.95 | I54: 865.78 | J54: =I54-H54 -> -1431.17 | K54: =B54*4 -> 3062.6 | L54: 1181.91 | M54: =L54-K54 -> -1880.69 | N54: =B54*5 -> 3828.25 | O54: 3439.51 | P54: =O54-N54 -> -388.74 | Q54: =N54 -> 3828.25 | R54: 3439.51 | S54: =R54-Q54 -> -388.74
A55: GABRIELA | B55: 587.58 | C55: 356.94 | D55: =C55-B55 -> -230.64 | E55: =B55*2 -> 1175.16 | F55: 491.94 | G55: =F55-E55 -> -683.22 | H55: =B55*3 -> 1762.74 | I55: 1116.94 | J55: =I55-H55 -> -645.8 | K55: =B55*4 -> 2350.32 | L55: 1116.94 | M55: =L55-K55 -> -1233.38 | N55: =B55*5 -> 2937.9 | O55: 1116.94 | P55: =O55-N55 -> -1820.96 | Q55: =N55 -> 2937.9 | R55: 1179.92 | S55: =R55-Q55 -> -1757.98
B56: 0 | C56: 0 | D56: =C56-B56 -> 0 | E56: =B56*2 -> 0 | F56: 0 | G56: =F56-E56 -> 0 | H56: =B56*3 -> 0 | I56: 0 | J56: =I56-H56 -> 0 | K56: =B56*4 -> 0 | L56: 0 | M56: =L56-K56 -> 0 | N56: =B56*5 -> 0 | O56: 0 | P56: =O56-N56 -> 0 | Q56: =N56 -> 0 | R56: 860.7 | S56: =R56-Q56 -> 860.7
C57: R$ 0,00 | R57: 677.36
A58: 46001 | B58: =SUM(B59:B66) -> 5413.07 | C58: =SUM(C59:C65) -> 6857.62 | D58: =C58-B58 -> 1444.55 | E58: =B58*2 -> 10826.14 | F58: =SUM(F59:F65) -> 10920.57 | G58: =F58-E58 -> 94.43 | H58: =B58*3 -> 16239.21 | I58: =SUM(I59:I65) -> 12474.01 | J58: =I58-H58 -> -3765.2 | K58: =B58*4 -> 21652.28 | L58: =SUM(L59:L65) -> 15002.35 | M58: =L58-K58 -> -6649.93 | N58: =B58*5 -> 27065.35 | O58: =SUM(O59:O65) -> 16703.41 | P58: =O58-N58 -> -10361.94 | Q58: =N58 -> 27065.35 | R58: =SUM(R59:R65) -> 19184.96 | S58: =R58-Q58 -> -7880.39
A59: HAGATA | B59: 1086.06 | C59: 3046.16 | D59: =C59-B59 -> 1960.1 | E59: =B59*2 -> 2172.12 | F59: 4260.68 | G59: =F59-E59 -> 2088.56 | H59: =B59*3 -> 3258.18 | I59: 4260.68 | J59: =I59-H59 -> 1002.5 | K59: =B59*4 -> 4344.24 | L59: 4580.68 | M59: =L59-K59 -> 236.44 | N59: =B59*5 -> 5430.3 | O59: 4971.66 | P59: =O59-N59 -> -458.64 | Q59: =N59 -> 5430.3 | R59: 5571.61 | S59: =R59-Q59 -> 141.31
A60: GUSTAVO | B60: 1379.02 | C60: 1692.8 | D60: =C60-B60 -> 313.78 | E60: =B60*2 -> 2758.04 | F60: 2590.36 | G60: =F60-E60 -> -167.68 | H60: =B60*3 -> 4137.06 | I60: 3155.93 | J60: =I60-H60 -> -981.13 | K60: =B60*4 -> 5516.08 | L60: 4010.03 | M60: =L60-K60 -> -1506.05 | N60: =B60*5 -> 6895.1 | O60: 4752.03 | P60: =O60-N60 -> -2143.07 | Q60: =N60 -> 6895.1 | R60: 6544.03 | S60: =R60-Q60 -> -351.07
A61: THALIA | B61: 858 | C61: 1184.89 | D61: =C61-B61 -> 326.89 | E61: =B61*2 -> 1716 | F61: 1574.71 | G61: =F61-E61 -> -141.29 | H61: =B61*3 -> 2574 | I61: 2313.71 | J61: =I61-H61 -> -260.29 | K61: =B61*4 -> 3432 | L61: 2367.44 | M61: =L61-K61 -> -1064.56 | N61: =B61*5 -> 4290 | O61: 2473.49 | P61: =O61-N61 -> -1816.51 | Q61: =N61 -> 4290 | R61: 2473.09 | S61: =R61-Q61 -> -1816.91
A62: ISA C | B62: 703.74 | C62: 666.77 | D62: =C62-B62 -> -36.97 | E62: =B62*2 -> 1407.48 | F62: 1292.95 | G62: =F62-E62 -> -114.53 | H62: =B62*3 -> 2111.22 | I62: 1477.05 | J62: =I62-H62 -> -634.17 | K62: =B62*4 -> 2814.96 | L62: 1529.54 | M62: =L62-K62 -> -1285.42 | N62: =B62*5 -> 3518.7 | O62: 1604.11 | P62: =O62-N62 -> -1914.59 | Q62: =N62 -> 3518.7 | R62: 1604.11 | S62: =R62-Q62 -> -1914.59
A63: MIRIAN | B63: 771.63 | C63: 217 | D63: =C63-B63 -> -554.63 | E63: =B63*2 -> 1543.26 | F63: 882.69 | G63: =F63-E63 -> -660.57 | H63: =B63*3 -> 2314.89 | I63: 947.46 | J63: =I63-H63 -> -1367.43 | K63: =B63*4 -> 3086.52 | L63: 1814.04 | M63: =L63-K63 -> -1272.48 | N63: =B63*5 -> 3858.15 | O63: 2201.5 | P63: =O63-N63 -> -1656.65 | Q63: =N63 -> 3858.15 | R63: 2291.5 | S63: =R63-Q63 -> -1566.65
A64: GABRIELA | B64: 614.62 | C64: 50 | D64: =C64-B64 -> -564.62 | E64: =B64*2 -> 1229.24 | F64: 319.18 | G64: =F64-E64 -> -910.06 | H64: =B64*3 -> 1843.86 | I64: 319.18 | J64: =I64-H64 -> -1524.68 | K64: =B64*4 -> 2458.48 | L64: 700.62 | M64: =L64-K64 -> -1757.86 | N64: =B64*5 -> 3073.1 | O64: 700.62 | P64: =O64-N64 -> -2372.48 | Q64: =N64 -> 3073.1 | R64: 700.62 | S64: =R64-Q64 -> -2372.48
B65: 0 | C65: 0 | D65: =C65-B65 -> 0 | E65: =B65*2 -> 0 | F65: 0 | G65: =F65-E65 -> 0 | H65: =B65*3 -> 0 | I65: 0 | J65: =I65-H65 -> 0 | K65: =B65*4 -> 0 | L65: 0 | M65: =L65-K65 -> 0 | N65: =B65*5 -> 0 | O65: 0 | P65: =O65-N65 -> 0 | Q65: =N65 -> 0 | R65: 0 | S65: =R65-Q65 -> 0
C66: R$ 0,00 | R66: 677.36
A67: 46002 | B67: =SUM(B68:B75) -> 5544.4 | C67: =SUM(C68:C74) -> 3192.57 | D67: =C67-B67 -> -2351.83 | E67: =B67*2 -> 11088.8 | F67: =SUM(F68:F74) -> 6047.96 | G67: =F67-E67 -> -5040.84 | H67: =B67*3 -> 16633.2 | I67: =SUM(I68:I74) -> 8234.02 | J67: =I67-H67 -> -8399.18 | K67: =B67*4 -> 22177.6 | L67: =SUM(L68:L74) -> 11386.67 | M67: =L67-K67 -> -10790.93 | N67: =B67*5 -> 27722 | O67: =SUM(O68:O74) -> 14411.46 | P67: =O67-N67 -> -13310.54 | Q67: =N67 -> 27722 | R67: =SUM(R68:R74) -> 15127.89 | S67: =R67-Q67 -> -12594.11
A68: HAGATA | B68: 1083.7 | C68: 729.87 | D68: =C68-B68 -> -353.83 | E68: =B68*2 -> 2167.4 | F68: 1048.44 | G68: =F68-E68 -> -1118.96 | H68: =B68*3 -> 3251.1 | I68: 2064.31 | J68: =I68-H68 -> -1186.79 | K68: =B68*4 -> 4334.8 | L68: 2334.74 | M68: =L68-K68 -> -2000.06 | N68: =B68*5 -> 5418.5 | O68: 2799.38 | P68: =O68-N68 -> -2619.12 | Q68: =N68 -> 5418.5 | R68: 3118.55 | S68: =R68-Q68 -> -2299.95
A69: GUSTAVO | B69: 1384.87 | C69: 420 | D69: =C69-B69 -> -964.87 | E69: =B69*2 -> 2769.74 | F69: 1185.93 | G69: =F69-E69 -> -1583.81 | H69: =B69*3 -> 4154.61 | I69: 1646.1 | J69: =I69-H69 -> -2508.51 | K69: =B69*4 -> 5539.48 | L69: 3244.07 | M69: =L69-K69 -> -2295.41 | N69: =B69*5 -> 6924.35 | O69: 4176.24 | P69: =O69-N69 -> -2748.11 | Q69: =N69 -> 6924.35 | R69: 4558.79 | S69: =R69-Q69 -> -2365.56
A70: THALIA | B70: 888.28 | C70: 265.64 | D70: =C70-B70 -> -622.64 | E70: =B70*2 -> 1776.56 | F70: 567.27 | G70: =F70-E70 -> -1209.29 | H70: =B70*3 -> 2664.84 | I70: 795.29 | J70: =I70-H70 -> -1869.55 | K70: =B70*4 -> 3553.12 | L70: 848.76 | M70: =L70-K70 -> -2704.36 | N70: =B70*5 -> 4441.4 | O70: 1971.74 | P70: =O70-N70 -> -2469.66 | Q70: =N70 -> 4441.4 | R70: 1986.75 | S70: =R70-Q70 -> -2454.65
A71: ISA C | B71: 735.65 | C71: 0 | D71: =C71-B71 -> -735.65 | E71: =B71*2 -> 1471.3 | F71: 0 | G71: =F71-E71 -> -1471.3 | H71: =B71*3 -> 2206.95 | I71: 50 | J71: =I71-H71 -> -2156.95 | K71: =B71*4 -> 2942.6 | L71: 140.88 | M71: =L71-K71 -> -2801.72 | N71: =B71*5 -> 3678.25 | O71: 579.74 | P71: =O71-N71 -> -3098.51 | Q71: =N71 -> 3678.25 | R71: 579.54 | S71: =R71-Q71 -> -3098.71
A72: MIRIAN | B72: 797.74 | C72: 1430.16 | D72: =C72-B72 -> 632.42 | E72: =B72*2 -> 1595.48 | F72: 2363.14 | G72: =F72-E72 -> 767.66 | H72: =B72*3 -> 2393.22 | I72: 2738.14 | J72: =I72-H72 -> 344.92 | K72: =B72*4 -> 3190.96 | L72: 3115.5 | M72: =L72-K72 -> -75.46 | N72: =B72*5 -> 3988.7 | O72: 3182.34 | P72: =O72-N72 -> -806.36 | Q72: =N72 -> 3988.7 | R72: 3182.24 | S72: =R72-Q72 -> -806.46
A73: GABRIELA | B73: 654.16 | C73: 346.9 | D73: =C73-B73 -> -307.26 | E73: =B73*2 -> 1308.32 | F73: 883.18 | G73: =F73-E73 -> -425.14 | H73: =B73*3 -> 1962.48 | I73: 940.18 | J73: =I73-H73 -> -1022.3 | K73: =B73*4 -> 2616.64 | L73: 1702.72 | M73: =L73-K73 -> -913.92 | N73: =B73*5 -> 3270.8 | O73: 1702.02 | P73: =O73-N73 -> -1568.78 | Q73: =N73 -> 3270.8 | R73: 1702.02 | S73: =R73-Q73 -> -1568.78
B74: 0 | C74: 0 | D74: =C74-B74 -> 0 | E74: =B74*2 -> 0 | F74: 0 | G74: =F74-E74 -> 0 | H74: =B74*3 -> 0 | I74: 0 | J74: =I74-H74 -> 0 | K74: =B74*4 -> 0 | L74: 0 | M74: =L74-K74 -> 0 | N74: =B74*5 -> 0 | O74: 0 | P74: =O74-N74 -> 0 | Q74: =N74 -> 0 | R74: 0 | S74: =R74-Q74 -> 0
C75: R$ 0,00 | R75: 677.36
A76: 46003 | B76: =SUM(B77:B84) -> 5712.03 | C76: =SUM(C77:C83) -> 1428.13 | D76: =C76-B76 -> -4283.9 | E76: =B76*2 -> 11424.06 | F76: =SUM(F77:F83) -> 5541.97 | G76: =F76-E76 -> -5882.09 | H76: =B76*3 -> 17136.09 | I76: =SUM(I77:I83) -> 0 | J76: =I76-H76 -> -17136.09 | K76: =B76*4 -> 22848.12 | L76: =SUM(L77:L83) -> 10357.31 | M76: =L76-K76 -> -12490.81 | N76: =B76*5 -> 28560.15 | O76: =SUM(O77:O83) -> 11753.5 | P76: =O76-N76 -> -16806.65 | Q76: =N76 -> 28560.15 | R76: =SUM(R77:R83) -> 0 | S76: =R76-Q76 -> -28560.15
A77: HAGATA | B77: 1123.5 | C77: 0 | D77: =C77-B77 -> -1123.5 | E77: =B77*2 -> 2247 | F77: 250.27 | G77: =F77-E77 -> -1996.73 | H77: =B77*3 -> 3370.5 | I77: 0 | J77: =I77-H77 -> -3370.5 | K77: =B77*4 -> 4494 | L77: 1392.4 | M77: =L77-K77 -> -3101.6 | N77: =B77*5 -> 5617.5 | O77: 1392.4 | P77: =O77-N77 -> -4225.1 | Q77: =N77 -> 5617.5 | R77: 0 | S77: =R77-Q77 -> -5617.5
A78: GUSTAVO | B78: 1427.88 | C78: 280.55 | D78: =C78-B78 -> -1147.33 | E78: =B78*2 -> 2855.76 | F78: 500.55 | G78: =F78-E78 -> -2355.21 | H78: =B78*3 -> 4283.64 | I78: 0 | J78: =I78-H78 -> -4283.64 | K78: =B78*4 -> 5711.52 | L78: 2574.48 | M78: =L78-K78 -> -3137.04 | N78: =B78*5 -> 7139.4 | O78: 2975.48 | P78: =O78-N78 -> -4163.92 | Q78: =N78 -> 7139.4 | R78: 0 | S78: =R78-Q78 -> -7139.4
A79: THALIA | B79: 929.91 | C79: 0 | D79: =C79-B79 -> -929.91 | E79: =B79*2 -> 1859.82 | F79: 506.67 | G79: =F79-E79 -> -1353.15 | H79: =B79*3 -> 2789.73 | I79: 0 | J79: =I79-H79 -> -2789.73 | K79: =B79*4 -> 3719.64 | L79: 705.06 | M79: =L79-K79 -> -3014.58 | N79: =B79*5 -> 4649.55 | O79: 955.06 | P79: =O79-N79 -> -3694.49 | Q79: =N79 -> 4649.55 | R79: 0 | S79: =R79-Q79 -> -4649.55
A80: ISA C | B80: 735.65 | C80: 0 | D80: =C80-B80 -> -735.65 | E80: =B80*2 -> 1471.3 | F80: 56.95 | G80: =F80-E80 -> -1414.35 | H80: =B80*3 -> 2206.95 | I80: 0 | J80: =I80-H80 -> -2206.95 | K80: =B80*4 -> 2942.6 | L80: 167.91 | M80: =L80-K80 -> -2774.69 | N80: =B80*5 -> 3678.25 | O80: 569.76 | P80: =O80-N80 -> -3108.49 | Q80: =N80 -> 3678.25 | R80: 0 | S80: =R80-Q80 -> -3678.25
A81: MIRIAN | B81: 812.4 | C81: 993.7 | D81: =C81-B81 -> 181.3 | E81: =B81*2 -> 1624.8 | F81: 3718.11 | G81: =F81-E81 -> 2093.31 | H81: =B81*3 -> 2437.2 | I81: 0 | J81: =I81-H81 -> -2437.2 | K81: =B81*4 -> 3249.6 | L81: 4750.96 | M81: =L81-K81 -> 1501.36 | N81: =B81*5 -> 4062 | O81: 5094.3 | P81: =O81-N81 -> 1032.3 | Q81: =N81 -> 4062 | R81: 0 | S81: =R81-Q81 -> -4062
A82: GABRIELA | B82: 682.69 | C82: 153.88 | D82: =C82-B82 -> -528.81 | E82: =B82*2 -> 1365.38 | F82: 509.42 | G82: =F82-E82 -> -855.96 | H82: =B82*3 -> 2048.07 | I82: 0 | J82: =I82-H82 -> -2048.07 | K82: =B82*4 -> 2730.76 | L82: 766.5 | M82: =L82-K82 -> -1964.26 | N82: =B82*5 -> 3413.45 | O82: 766.5 | P82: =O82-N82 -> -2646.95 | Q82: =N82 -> 3413.45 | R82: 0 | S82: =R82-Q82 -> -3413.45
B83: 0 | C83: 0 | D83: =C83-B83 -> 0 | E83: =B83*2 -> 0 | F83: 0 | G83: =F83-E83 -> 0 | H83: =B83*3 -> 0 | I83: 0 | J83: =I83-H83 -> 0 | K83: =B83*4 -> 0 | L83: 0 | M83: =L83-K83 -> 0 | N83: =B83*5 -> 0 | O83: 0 | P83: =O83-N83 -> 0 | Q83: =N83 -> 0 | R83: 0 | S83: =R83-Q83 -> 0
C84: R$ 0,00 | R84: 677.36
A85: 46004 | B85: =SUM(B86:B93) -> 2500 | C85: =SUM(C86:C92) -> 2652.84 | D85: =C85-B85 -> 152.84 | E85: =B85*2 -> 5000 | F85: =SUM(F86:F92) -> 5586.66 | G85: =F85-E85 -> 586.66 | H85: =B85*3 -> 7500 | I85: =SUM(I86:I92) -> 0 | J85: =I85-H85 -> -7500 | K85: =B85*4 -> 10000 | L85: =SUM(L86:L92) -> 0 | M85: =L85-K85 -> -10000 | N85: =B85*5 -> 12500 | O85: =SUM(O86:O92) -> 0 | P85: =O85-N85 -> -12500 | Q85: =N85 -> 12500 | R85: =SUM(R86:R92) -> 0 | S85: =R85-Q85 -> -12500
A86: HAGATA | B86: 800 | C86: 422.02 | D86: =C86-B86 -> -377.98 | E86: =B86*2 -> 1600 | F86: 2299.58 | G86: =F86-E86 -> 699.58 | H86: =B86*3 -> 2400 | I86: 0 | J86: =I86-H86 -> -2400 | K86: =B86*4 -> 3200 | L86: 0 | M86: =L86-K86 -> -3200 | N86: =B86*5 -> 4000 | O86: 0 | P86: =O86-N86 -> -4000 | Q86: =N86 -> 4000 | R86: 0 | S86: =R86-Q86 -> -4000
A87: GUSTAVO | B87: 800 | C87: 1762.7 | D87: =C87-B87 -> 962.7 | E87: =B87*2 -> 1600 | F87: 1967.18 | G87: =F87-E87 -> 367.18 | H87: =B87*3 -> 2400 | I87: 0 | J87: =I87-H87 -> -2400 | K87: =B87*4 -> 3200 | L87: 0 | M87: =L87-K87 -> -3200 | N87: =B87*5 -> 4000 | O87: 0 | P87: =O87-N87 -> -4000 | Q87: =N87 -> 4000 | R87: 0 | S87: =R87-Q87 -> -4000
A88: THALIA | B88: 300 | C88: 402.95 | D88: =C88-B88 -> 102.95 | E88: =B88*2 -> 600 | F88: 468.47 | G88: =F88-E88 -> -131.53 | H88: =B88*3 -> 900 | I88: 0 | J88: =I88-H88 -> -900 | K88: =B88*4 -> 1200 | L88: 0 | M88: =L88-K88 -> -1200 | N88: =B88*5 -> 1500 | O88: 0 | P88: =O88-N88 -> -1500 | Q88: =N88 -> 1500 | R88: 0 | S88: =R88-Q88 -> -1500
A89: ISA C | B89: 300 | C89: 65.17 | D89: =C89-B89 -> -234.83 | E89: =B89*2 -> 600 | F89: 303.06 | G89: =F89-E89 -> -296.94 | H89: =B89*3 -> 900 | I89: 0 | J89: =I89-H89 -> -900 | K89: =B89*4 -> 1200 | L89: 0 | M89: =L89-K89 -> -1200 | N89: =B89*5 -> 1500 | O89: 0 | P89: =O89-N89 -> -1500 | Q89: =N89 -> 1500 | R89: 0 | S89: =R89-Q89 -> -1500
A90: MIRIAN | B90: 300 | C90: 0 | D90: =C90-B90 -> -300 | E90: =B90*2 -> 600 | F90: 548.37 | G90: =F90-E90 -> -51.63 | H90: =B90*3 -> 900 | I90: 0 | J90: =I90-H90 -> -900 | K90: =B90*4 -> 1200 | L90: 0 | M90: =L90-K90 -> -1200 | N90: =B90*5 -> 1500 | O90: 0 | P90: =O90-N90 -> -1500 | Q90: =N90 -> 1500 | R90: 0 | S90: =R90-Q90 -> -1500
A91: GABRIELA | B91: 0 | C91: 0 | D91: =C91-B91 -> 0 | E91: =B91*2 -> 0 | F91: 0 | G91: =F91-E91 -> 0 | H91: =B91*3 -> 0 | I91: 0 | J91: =I91-H91 -> 0 | K91: =B91*4 -> 0 | L91: 0 | M91: =L91-K91 -> 0 | N91: =B91*5 -> 0 | O91: 0 | P91: =O91-N91 -> 0 | Q91: =N91 -> 0 | R91: 0 | S91: =R91-Q91 -> 0
B92: 0 | C92: 0 | D92: =C92-B92 -> 0 | E92: =B92*2 -> 0 | F92: 0 | G92: =F92-E92 -> 0 | H92: =B92*3 -> 0 | I92: 0 | J92: =I92-H92 -> 0 | K92: =B92*4 -> 0 | L92: 0 | M92: =L92-K92 -> 0 | N92: =B92*5 -> 0 | O92: 0 | P92: =O92-N92 -> 0 | Q92: =N92 -> 0 | R92: 0 | S92: =R92-Q92 -> 0
C93: R$ 0,00 | R93: 677.36
A94: 46006 | B94: =SUM(B95:B102) -> 5708.93 | C94: =SUM(C95:C101) -> 1914.21 | D94: =C94-B94 -> -3794.72 | E94: =B94*2 -> 11417.86 | F94: =SUM(F95:F101) -> 4582.25 | G94: =F94-E94 -> -6835.61 | H94: =B94*3 -> 17126.79 | I94: =SUM(I95:I101) -> 6977.6 | J94: =I94-H94 -> -10149.19 | K94: =B94*4 -> 22835.72 | L94: =SUM(L95:L101) -> 8771.81 | M94: =L94-K94 -> -14063.91 | N94: =B94*5 -> 28544.65 | O94: =SUM(O95:O101) -> 12004.67 | P94: =O94-N94 -> -16539.98 | Q94: =N94 -> 28544.65 | R94: 16104.86 | S94: =R94-Q94 -> -12439.79
A95: HAGATA | B95: 1138.85 | C95: 0 | D95: =C95-B95 -> -1138.85 | E95: =B95*2 -> 2277.7 | F95: 1629.68 | G95: =F95-E95 -> -648.02 | H95: =B95*3 -> 3416.55 | I95: 2337.13 | J95: =I95-H95 -> -1079.42 | K95: =B95*4 -> 4555.4 | L95: 2284.25 | M95: =L95-K95 -> -2271.15 | N95: =B95*5 -> 5694.25 | O95: 3471.66 | P95: =O95-N95 -> -2222.59 | Q95: =N95 -> 5694.25 | R95: 4677.13 | S95: =R95-Q95 -> -1017.12
A96: GUSTAVO | B96: 1459.41 | C96: 1029.94 | D96: =C96-B96 -> -429.47 | E96: =B96*2 -> 2918.82 | F96: 1029.94 | G96: =F96-E96 -> -1888.88 | H96: =B96*3 -> 4378.23 | I96: 2331.72 | J96: =I96-H96 -> -2046.51 | K96: =B96*4 -> 5837.64 | L96: 3059.72 | M96: =L96-K96 -> -2777.92 | N96: =B96*5 -> 7297.05 | O96: 3953.44 | P96: =O96-N96 -> -3343.61 | Q96: =N96 -> 7297.05 | R96: 4383.39 | S96: =R96-Q96 -> -2913.66
A97: THALIA | B97: 994.43 | C97: 0 | D97: =C97-B97 -> -994.43 | E97: =B97*2 -> 1988.86 | F97: 239.21 | G97: =F97-E97 -> -1749.65 | H97: =B97*3 -> 2983.29 | I97: 625.33 | J97: =I97-H97 -> -2357.96 | K97: =B97*4 -> 3977.72 | L97: 747.48 | M97: =L97-K97 -> -3230.24 | N97: =B97*5 -> 4972.15 | O97: 1496.51 | P97: =O97-N97 -> -3475.64 | Q97: =N97 -> 4972.15 | R97: 3826.51 | S97: =R97-Q97 -> -1145.64
A98: ISA C | B98: 600 | C98: 0 | D98: =C98-B98 -> -600 | E98: =B98*2 -> 1200 | F98: 40 | G98: =F98-E98 -> -1160 | H98: =B98*3 -> 1800 | I98: 40 | J98: =I98-H98 -> -1760 | K98: =B98*4 -> 2400 | L98: 40 | M98: =L98-K98 -> -2360 | N98: =B98*5 -> 3000 | O98: 40 | P98: =O98-N98 -> -2960 | Q98: =N98 -> 3000 | R98: 103.46 | S98: =R98-Q98 -> -2896.54
A99: MIRIAN | B99: 780.61 | C99: 804.27 | D99: =C99-B99 -> 23.66 | E99: =B99*2 -> 1561.22 | F99: 1393.42 | G99: =F99-E99 -> -167.8 | H99: =B99*3 -> 2341.83 | I99: 1393.42 | J99: =I99-H99 -> -948.41 | K99: =B99*4 -> 3122.44 | L99: 2290.46 | M99: =L99-K99 -> -831.98 | N99: =B99*5 -> 3903.05 | O99: 2590.26 | P99: =O99-N99 -> -1312.79 | Q99: =N99 -> 3903.05 | R99: 2590.26 | S99: =R99-Q99 -> -1312.79
A100: GABRIELA | B100: 735.63 | C100: 80 | D100: =C100-B100 -> -655.63 | E100: =B100*2 -> 1471.26 | F100: 250 | G100: =F100-E100 -> -1221.26 | H100: =B100*3 -> 2206.89 | I100: 250 | J100: =I100-H100 -> -1956.89 | K100: =B100*4 -> 2942.52 | L100: 349.9 | M100: =L100-K100 -> -2592.62 | N100: =B100*5 -> 3678.15 | O100: 452.8 | P100: =O100-N100 -> -3225.35 | Q100: =N100 -> 3678.15 | R100: 452.8 | S100: =R100-Q100 -> -3225.35
...

Sheet Página6
A1: 80% da meta
A2: Vendedor | B2: Meta | C2: Realizado | D2: 80% da meta | E2: Falta p/ 80% | F2: Precisa/dia (4 dias)
A3: Hagata | B3: R$ 100.000,00 | C3: R$ 59.960,03 | D3: R$ 80.000,00 | E3: R$ 20.039,97 | F3: R$ 5.010,00/dia
A4: Gustavo | B4: R$ 135.000,00 | C4: R$ 91.532,70 | D4: R$ 108.000,00 | E4: R$ 16.467,30 | F4: R$ 4.116,83/dia
A5: Thalia | B5: R$ 75.000,00 | C5: R$ 39.760,68 | D5: R$ 60.000,00 | E5: R$ 20.239,32 | F5: R$ 5.059,83/dia
A6: Mirian | B6: R$ 65.000,00 | C6: R$ 47.680,71 | D6: R$ 52.000,00 | E6: R$ 4.319,29 | F6: R$ 1.079,83/dia
A7: Gabriela | B7: R$ 45.000,00 | C7: R$ 13.834,16 | D7: R$ 36.000,00 | E7: R$ 22.165,84 | F7: R$ 5.541,46/dia
A8: Isabella | B8: R$ 50.000,00 | C8: R$ 12.418,78 | D8: R$ 40.000,00 | E8: R$ 27.581,22 | F8: R$ 6.895,31/dia | I8: 80% da meta
I9: Vendedor | J9: Meta | K9: Realizado | L9: 80% da meta | M9: Falta p/ 80% | N9: Precisa/dia (4 dias)
I10: Hagata | J10: R$ 100.000,00 | K10: R$ 59.960,03 | L10: R$ 80.000,00 | M10: R$ 20.039,97 | N10: R$ 5.010,00/dia
A11: 90% da meta | I11: 90% da meta
A12: Vendedor | B12: Meta | C12: Realizado | D12: 90% da meta | E12: Falta p/ 90% | F12: Precisa/dia (4 dias) | I12: Vendedor | J12: Meta | K12: Realizado | L12: 90% da meta | M12: Falta p/ 90% | N12: Precisa/dia (4 dias)
A13: Hagata | B13: R$ 100.000,00 | C13: R$ 59.960,03 | D13: R$ 90.000,00 | E13: R$ 30.039,97 | F13: R$ 7.510,00/dia | I13: Hagata | J13: R$ 100.000,00 | K13: R$ 59.960,03 | L13: R$ 90.000,00 | M13: R$ 30.039,97 | N13: R$ 7.510,00/dia
A14: Gustavo | B14: R$ 135.000,00 | C14: R$ 91.532,70 | D14: R$ 121.500,00 | E14: R$ 29.967,30 | F14: R$ 7.491,83/dia
A15: Thalia | B15: R$ 75.000,00 | C15: R$ 39.760,68 | D15: R$ 67.500,00 | E15: R$ 27.739,32 | F15: R$ 6.934,83/dia
A16: Mirian | B16: R$ 65.000,00 | C16: R$ 47.680,71 | D16: R$ 58.500,00 | E16: R$ 10.819,29 | F16: R$ 2.704,83/dia
A17: Gabriela | B17: R$ 45.000,00 | C17: R$ 13.834,16 | D17: R$ 40.500,00 | E17: R$ 26.665,84 | F17: R$ 6.666,46/dia | I17: 80% da meta
A18: Isabella | B18: R$ 50.000,00 | C18: R$ 12.418,78 | D18: R$ 45.000,00 | E18: R$ 32.581,22 | F18: R$ 8.145,31/dia | I18: Vendedor | J18: Meta | K18: Realizado | L18: 80% da meta | M18: Falta p/ 80% | N18: Precisa/dia (4 dias)
I19: Gustavo | J19: R$ 135.000,00 | K19: R$ 91.532,70 | L19: R$ 108.000,00 | M19: R$ 16.467,30 | N19: R$ 4.116,83/dia
I20: 90% da meta
I21: Vendedor | J21: Meta | K21: Realizado | L21: 90% da meta | M21: Falta p/ 90% | N21: Precisa/dia (4 dias)
I22: Gustavo | J22: R$ 135.000,00 | K22: R$ 91.532,70 | L22: R$ 121.500,00 | M22: R$ 29.967,30 | N22: R$ 7.491,83/dia
I26: 80% da meta
I27: Vendedor | J27: Meta | K27: Realizado | L27: 80% da meta | M27: Falta p/ 80% | N27: Precisa/dia (4 dias)
I28: Thalia | J28: R$ 75.000,00 | K28: R$ 39.760,68 | L28: R$ 60.000,00 | M28: R$ 20.239,32 | N28: R$ 5.059,83/dia
I29: 90% da meta
I30: Vendedor | J30: Meta | K30: Realizado | L30: 90% da meta | M30: Falta p/ 90% | N30: Precisa/dia (4 dias)
I31: Thalia | J31: R$ 75.000,00 | K31: R$ 39.760,68 | L31: R$ 67.500,00 | M31: R$ 27.739,32 | N31: R$ 6.934,83/dia
I35: 80% da meta
I36: Vendedor | J36: Meta | K36: Realizado | L36: 80% da meta | M36: Falta p/ 80% | N36: Precisa/dia (4 dias)
I37: Mirian | J37: R$ 65.000,00 | K37: R$ 47.680,71 | L37: R$ 52.000,00 | M37: R$ 4.319,29 | N37: R$ 1.079,83/dia
I38: 90% da meta
I39: Vendedor | J39: Meta | K39: Realizado | L39: 90% da meta | M39: Falta p/ 90% | N39: Precisa/dia (4 dias)
I40: Mirian | J40: R$ 65.000,00 | K40: R$ 47.680,71 | L40: R$ 58.500,00 | M40: R$ 10.819,29 | N40: R$ 2.704,83/dia
I44: 80% da meta
I45: Vendedor | J45: Meta | K45: Realizado | L45: 80% da meta | M45: Falta p/ 80% | N45: Precisa/dia (4 dias)
I46: Gabriela | J46: R$ 45.000,00 | K46: R$ 13.834,16 | L46: R$ 36.000,00 | M46: R$ 22.165,84 | N46: R$ 5.541,46/dia
I47: 90% da meta
I48: Vendedor | J48: Meta | K48: Realizado | L48: 90% da meta | M48: Falta p/ 90% | N48: Precisa/dia (4 dias)
I49: Gabriela | J49: R$ 45.000,00 | K49: R$ 13.834,16 | L49: R$ 40.500,00 | M49: R$ 26.665,84 | N49: R$ 6.666,46/dia
I53: 80% da meta
I54: Vendedor | J54: Meta | K54: Realizado | L54: 80% da meta | M54: Falta p/ 80% | N54: Precisa/dia (4 dias)
I55: Isabella | J55: R$ 50.000,00 | K55: R$ 12.418,78 | L55: R$ 40.000,00 | M55: R$ 27.581,22 | N55: R$ 6.895,31/dia
I56: 90% da meta
I57: Vendedor | J57: Meta | K57: Realizado | L57: 90% da meta | M57: Falta p/ 90% | N57: Precisa/dia (4 dias)
I58: Isabella | J58: R$ 50.000,00 | K58: R$ 12.418,78 | L58: R$ 45.000,00 | M58: R$ 32.581,22 | N58: R$ 8.145,31/dia

Sheet Compra - 09 
A1: Indicadores | B1: Leads | E1: Nº Vendas | H1: Faturamento | K1: Taxa Conversão | N1: Ticket Médio
A2: Data | B2: Realizado | C2: Meta | D2: Gap | E2: Realizado 2 | F2: Meta 2 | G2: Gap 2 | H2: Realizado 3 | I2: Meta 3 | J2: Gap 3 | K2: Realizado 4 | L2: Meta 4 | M2: Gap 4 | N2: Realizado 5 | O2: Meta 5 | P2: Gap 5
A3: 2025
A4: Setembro | B4: =B5+B36+B67 -> 3112 | C4: =C5+C36+C67 -> 1760 | D4: =D5+D36 -> 914 | E4: =E5+E36 -> 569 | F4: =F5+F36 -> 456 | G4: =G5+G36 -> 113 | H4: =H5+H36 -> 157072.11 | I4: =I5+I36 -> 114000 | J4: =J5+J36 -> 43072.11 | K4: =K5+K36 -> 0.5194821 | L4: =L5+L36 -> 0.6 | M4: =K4-L4 -> -0.080517895 | N4: =N5+N36 -> 540.75448 | O4: =O5+O36 -> 500 | P4: =P5+P36 -> 40.754479
A5: Thalia | B5: =SUM(B6:B35) -> 1743 | C5: =SUM(C6:C35) -> 1280 | D5: =SUM(D6:D35) -> 463 | E5: =SUM(E6:E35) -> 348 | F5: =SUM(F6:F35) -> 384 | G5: =SUM(G6:G35) -> -36 | H5: =SUM(H6:H35) -> 102935.03 | I5: =SUM(I6:I35) -> 96000 | J5: =SUM(J6:J35) -> 6935.03 | K5: =IFERROR(E5/B5,"") -> 0.19965577 | L5: 0.3 | M5: =K5-L5 -> -0.10034423 | N5: =IFERROR(H5/E5,"") -> 295.79032 | O5: 250 | P5: =N5-O5 -> 45.790316
A6: 45901 | B6: 52 | C6: 80 | D6: =B6-C6 -> -28 | E6: 13 | F6: =C6*30% -> 24 | G6: =E6-F6 -> -11 | H6: 3316.26 | I6: =F6*O6 -> 6000 | J6: =H6-I6 -> -2683.74 | K6: =IFERROR(E6/B6,"") -> 0.25 | L6: 0.3 | M6: =L6-K6 -> 0.05 | N6: =IFERROR(H6/E6,"") -> 255.09692 | O6: 250 | P6: =N6-O6 -> 5.0969231 | R6: Setembro
A7: 45902 | B7: 91 | C7: 80 | D7: =B7-C7 -> 11 | E7: 19 | F7: =C7*30% -> 24 | G7: =E7-F7 -> -5 | H7: 4072.51 | I7: =F7*O7 -> 6000 | J7: =H7-I7 -> -1927.49 | K7: =IFERROR(E7/B7,"") -> 0.20879121 | L7: 0.3 | M7: =L7-K7 -> 0.091208791 | N7: =IFERROR(H7/E7,"") -> 214.34263 | O7: 250 | P7: =N7-O7 -> -35.657368 | R7: Meta | S7: 110000
A8: 45903 | B8: 52 | C8: 80 | D8: =B8-C8 -> -28 | E8: 15 | F8: =C8*30% -> 24 | G8: =E8-F8 -> -9 | H8: 5709.56 | I8: =F8*O8 -> 6000 | J8: =H8-I8 -> -290.44 | K8: =IFERROR(E8/B8,"") -> 0.28846154 | L8: 0.3 | M8: =L8-K8 -> 0.011538462 | N8: =IFERROR(H8/E8,"") -> 380.63733 | O8: 250 | P8: =N8-O8 -> 130.63733 | R8: Meta x Dia | S8: =S7/30 -> 3666.6667
A9: 45904 | B9: 30 | C9: 80 | D9: =B9-C9 -> -50 | E9: 22 | F9: =C9*30% -> 24 | G9: =E9-F9 -> -2 | H9: 6197.98 | I9: =F9*O9 -> 6000 | J9: =H9-I9 -> 197.98 | K9: =IFERROR(E9/B9,"") -> 0.73333333 | L9: 0.3 | M9: =L9-K9 -> -0.43333333 | N9: =IFERROR(H9/E9,"") -> 281.72636 | O9: 250 | P9: =N9-O9 -> 31.726364 | R9: Meta x Dia Útil | S9: =S7/22 -> 5000
A10: 45905 | B10: 48 | C10: 80 | D10: =B10-C10 -> -32 | E10: 12 | F10: =C10*30% -> 24 | G10: =E10-F10 -> -12 | H10: 2511.67 | I10: =F10*O10 -> 6000 | J10: =H10-I10 -> -3488.33 | K10: =IFERROR(E10/B10,"") -> 0.25 | L10: 0.3 | M10: =L10-K10 -> 0.05 | N10: =IFERROR(H10/E10,"") -> 209.30583 | O10: 250 | P10: =N10-O10 -> -40.694167 | R10: Realizado | S10: =H5 -> 102935.03
A11: 45906 | B11: 20 | C11: 80 | D11: =B11-C11 -> -60 | E11: 4 | F11: =C11*30% -> 24 | G11: =E11-F11 -> -20 | H11: 1478.28 | I11: =F11*O11 -> 6000 | J11: =H11-I11 -> -4521.72 | K11: =IFERROR(E11/B11,"") -> 0.2 | L11: 0.3 | M11: =L11-K11 -> 0.1 | N11: =IFERROR(H11/E11,"") -> 369.57 | O11: 250 | P11: =N11-O11 -> 119.57 | R11: % da Meta | S11: =S10/S7 -> 0.935773
A12: 45907 | I12: =F12*O12 -> 0 | K12: =IFERROR(E12/B12,"") | N12: =IFERROR(H12/E12,"") | P12: =N12-O12 -> 0 | R12: Dias Útil Restante | S12: 1
A13: 45908 | B13: 72 | C13: 80 | D13: =B13-C13 -> -8 | E13: 23 | F13: =C13*30% -> 24 | G13: =E13-F13 -> -1 | H13: 6251.59 | I13: =F13*O13 -> 6000 | J13: =H13-I13 -> 251.59 | K13: =IFERROR(E13/B13,"") -> 0.31944444 | L13: 0.3 | M13: =L13-K13 -> -0.019444444 | N13: =IFERROR(H13/E13,"") -> 271.80826 | O13: 250 | P13: =N13-O13 -> 21.808261 | R13: Meta dia Acumulado | S13: =(S7-S10)/S12 -> 7064.97
A14: 45909 | B14: 89 | C14: 80 | D14: =B14-C14 -> 9 | E14: 23 | F14: =C14*30% -> 24 | G14: =E14-F14 -> -1 | H14: 6222.4 | I14: =F14*O14 -> 6000 | J14: =H14-I14 -> 222.4 | K14: =IFERROR(E14/B14,"") -> 0.25842697 | L14: 0.3 | M14: =L14-K14 -> 0.041573034 | N14: =IFERROR(H14/E14,"") -> 270.53913 | O14: 250 | P14: =N14-O14 -> 20.53913 | R14: Ticket Médio | S14: =N5 -> 295.79032
A15: 45910 | B15: 40 | C15: 80 | D15: =B15-C15 -> -40 | E15: 17 | F15: =C15*30% -> 24 | G15: =E15-F15 -> -7 | H15: 5354.22 | I15: =F15*O15 -> 6000 | J15: =H15-I15 -> -645.78 | K15: =IFERROR(E15/B15,"") -> 0.425 | L15: 0.3 | M15: =L15-K15 -> -0.125 | N15: =IFERROR(H15/E15,"") -> 314.95412 | O15: 250 | P15: =N15-O15 -> 64.954118 | R15: Nº Leads | S15: =B5 -> 1743
A16: 45911 | B16: 47 | C16: 80 | D16: =B16-C16 -> -33 | E16: 13 | F16: =C16*30% -> 24 | G16: =E16-F16 -> -11 | H16: 2187.49 | I16: =F16*O16 -> 6000 | J16: =H16-I16 -> -3812.51 | K16: =IFERROR(E16/B16,"") -> 0.27659574 | L16: 0.3 | M16: =L16-K16 -> 0.023404255 | N16: =IFERROR(H16/E16,"") -> 168.26846 | O16: 250 | P16: =N16-O16 -> -81.731538 | R16: Nº Vendas | S16: =E5 -> 348
A17: 45912 | B17: 55 | C17: 80 | D17: =B17-C17 -> -25 | E17: 9 | F17: =C17*30% -> 24 | G17: =E17-F17 -> -15 | H17: 2188.49 | I17: =F17*O17 -> 6000 | J17: =H17-I17 -> -3811.51 | K17: =IFERROR(E17/B17,"") -> 0.16363636 | L17: 0.3 | M17: =L17-K17 -> 0.13636364 | N17: =IFERROR(H17/E17,"") -> 243.16556 | O17: 250 | P17: =N17-O17 -> -6.8344444 | R17: Taxa Conversão | S17: =E5/B5 -> 0.19965577
A18: 45913 | D18: =B18-C18 -> 0 | F18: =C18*30% -> 0 | G18: =E18-F18 -> 0 | I18: =F18*O18 -> 0 | J18: =H18-I18 -> 0 | K18: =IFERROR(E18/B18,"") | L18: 0.3 | M18: =L18-K18 -> 0.3 | N18: =IFERROR(H18/E18,"") | O18: 250 | P18: =N18-O18 -> -250
A19: 45914 | D19: =B19-C19 -> 0 | F19: =C19*30% -> 0 | G19: =E19-F19 -> 0 | I19: =F19*O19 -> 0 | J19: =H19-I19 -> 0 | K19: =IFERROR(E19/B19,"") | L19: 0.3 | M19: =L19-K19 -> 0.3 | N19: =IFERROR(H19/E19,"") | O19: 250 | P19: =N19-O19 -> -250
A20: 45915 | B20: 132 | C20: 80 | D20: =B20-C20 -> 52 | E20: 21 | F20: =C20*30% -> 24 | G20: =E20-F20 -> -3 | H20: 7423.24 | I20: =F20*O20 -> 6000 | J20: =H20-I20 -> 1423.24 | K20: =IFERROR(E20/B20,"") -> 0.15909091 | L20: 0.3 | M20: =L20-K20 -> 0.14090909 | N20: =IFERROR(H20/E20,"") -> 353.48762 | O20: 250 | P20: =N20-O20 -> 103.48762
A21: 45916 | B21: 71 | C21: 80 | D21: =B21-C21 -> -9 | E21: 24 | F21: =C21*30% -> 24 | G21: =E21-F21 -> 0 | H21: 8452.51 | I21: =F21*O21 -> 6000 | J21: =H21-I21 -> 2452.51 | K21: =IFERROR(E21/B21,"") -> 0.33802817 | L21: 0.3 | M21: =L21-K21 -> -0.038028169 | N21: =IFERROR(H21/E21,"") -> 352.18792 | O21: 250 | P21: =N21-O21 -> 102.18792
A22: 45917 | B22: 101 | C22: 80 | D22: =B22-C22 -> 21 | E22: 11 | F22: =C22*30% -> 24 | G22: =E22-F22 -> -13 | H22: 4245.4 | I22: =F22*O22 -> 6000 | J22: =H22-I22 -> -1754.6 | K22: =IFERROR(E22/B22,"") -> 0.10891089 | L22: 0.3 | M22: =L22-K22 -> 0.19108911 | N22: =IFERROR(H22/E22,"") -> 385.94545 | O22: 250 | P22: =N22-O22 -> 135.94545
A23: 45918 | B23: 125 | C23: 80 | D23: =B23-C23 -> 45 | E23: 16 | F23: =C23*30% -> 24 | G23: =E23-F23 -> -8 | H23: 5146.17 | I23: =F23*O23 -> 6000 | J23: =H23-I23 -> -853.83 | K23: =IFERROR(E23/B23,"") -> 0.128 | L23: 0.3 | M23: =L23-K23 -> 0.172 | N23: =IFERROR(H23/E23,"") -> 321.63563 | O23: 250 | P23: =N23-O23 -> 71.635625
A24: 45919 | B24: 61 | C24: 80 | D24: =B24-C24 -> -19 | E24: 14 | F24: =C24*30% -> 24 | G24: =E24-F24 -> -10 | H24: 3868.46 | I24: =F24*O24 -> 6000 | J24: =H24-I24 -> -2131.54 | K24: =IFERROR(E24/B24,"") -> 0.2295082 | L24: 0.3 | M24: =L24-K24 -> 0.070491803 | N24: =IFERROR(H24/E24,"") -> 276.31857 | O24: 250 | P24: =N24-O24 -> 26.318571
A25: 45920 | B25: 7 | D25: =B25-C25 -> 7 | E25: 2 | F25: =C25*30% -> 0 | G25: =E25-F25 -> 2 | H25: 238.24 | I25: =F25*O25 -> 0 | J25: =H25-I25 -> 238.24 | K25: =IFERROR(E25/B25,"") -> 0.28571429 | L25: 0.3 | M25: =L25-K25 -> 0.014285714 | N25: =IFERROR(H25/E25,"") -> 119.12 | O25: 250 | P25: =N25-O25 -> -130.88
A26: 45921 | D26: =B26-C26 -> 0 | F26: =C26*30% -> 0 | G26: =E26-F26 -> 0 | I26: =F26*O26 -> 0 | J26: =H26-I26 -> 0 | K26: =IFERROR(E26/B26,"") | L26: 0.3 | M26: =L26-K26 -> 0.3 | N26: =IFERROR(H26/E26,"") | O26: 250 | P26: =N26-O26 -> -250
A27: 45922 | B27: 87 | D27: =B27-C27 -> 87 | E27: 11 | F27: =C27*30% -> 0 | G27: =E27-F27 -> 11 | H27: 2812.98 | I27: =F27*O27 -> 0 | J27: =H27-I27 -> 2812.98 | K27: =IFERROR(E27/B27,"") -> 0.12643678 | L27: 0.3 | M27: =L27-K27 -> 0.17356322 | N27: =IFERROR(H27/E27,"") -> 255.72545 | O27: 250 | P27: =N27-O27 -> 5.7254545
A28: 45923 | B28: 111 | D28: =B28-C28 -> 111 | E28: 16 | F28: =C28*30% -> 0 | G28: =E28-F28 -> 16 | H28: 3654.08 | I28: =F28*O28 -> 0 | J28: =H28-I28 -> 3654.08 | K28: =IFERROR(E28/B28,"") -> 0.14414414 | L28: 0.3 | M28: =L28-K28 -> 0.15585586 | N28: =IFERROR(H28/E28,"") -> 228.38 | O28: 250 | P28: =N28-O28 -> -21.62
A29: 45924 | B29: 107 | D29: =B29-C29 -> 107 | E29: 15 | F29: =C29*30% -> 0 | G29: =E29-F29 -> 15 | H29: 4850.89 | I29: =F29*O29 -> 0 | J29: =H29-I29 -> 4850.89 | K29: =IFERROR(E29/B29,"") -> 0.14018692 | L29: 0.3 | M29: =L29-K29 -> 0.15981308 | N29: =IFERROR(H29/E29,"") -> 323.39267 | O29: 250 | P29: =N29-O29 -> 73.392667
A30: 45925 | B30: 99 | D30: =B30-C30 -> 99 | E30: 16 | F30: =C30*30% -> 0 | G30: =E30-F30 -> 16 | H30: 5321.9 | I30: =F30*O30 -> 0 | J30: =H30-I30 -> 5321.9 | K30: =IFERROR(E30/B30,"") -> 0.16161616 | L30: 0.3 | M30: =L30-K30 -> 0.13838384 | N30: =IFERROR(H30/E30,"") -> 332.61875 | O30: 250 | P30: =N30-O30 -> 82.61875
A31: 45926 | B31: 92 | D31: =B31-C31 -> 92 | E31: 11 | F31: =C31*30% -> 0 | G31: =E31-F31 -> 11 | H31: 4778.03 | I31: =F31*O31 -> 0 | J31: =H31-I31 -> 4778.03 | K31: =IFERROR(E31/B31,"") -> 0.11956522 | L31: 0.3 | M31: =L31-K31 -> 0.18043478 | N31: =IFERROR(H31/E31,"") -> 434.36636 | O31: 250 | P31: =N31-O31 -> 184.36636
A32: 45927 | B32: 21 | D32: =B32-C32 -> 21 | E32: 3 | F32: =C32*30% -> 0 | G32: =E32-F32 -> 3 | H32: 616 | I32: =F32*O32 -> 0 | J32: =H32-I32 -> 616 | K32: =IFERROR(E32/B32,"") -> 0.14285714 | L32: 0.3 | M32: =L32-K32 -> 0.15714286 | N32: =IFERROR(H32/E32,"") -> 205.33333 | O32: 250 | P32: =N32-O32 -> -44.666667
A33: 45928 | D33: =B33-C33 -> 0 | F33: =C33*30% -> 0 | G33: =E33-F33 -> 0 | I33: =F33*O33 -> 0 | J33: =H33-I33 -> 0 | K33: =IFERROR(E33/B33,"") | L33: 0.3 | M33: =L33-K33 -> 0.3 | N33: =IFERROR(H33/E33,"") | O33: 250 | P33: =N33-O33 -> -250
A34: 45929 | B34: 61 | D34: =B34-C34 -> 61 | E34: 7 | F34: =C34*30% -> 0 | G34: =E34-F34 -> 7 | H34: 2739.1 | I34: =F34*O34 -> 0 | J34: =H34-I34 -> 2739.1 | K34: =IFERROR(E34/B34,"") -> 0.1147541 | L34: 0.3 | M34: =L34-K34 -> 0.1852459 | N34: =IFERROR(H34/E34,"") -> 391.3 | O34: 250 | P34: =N34-O34 -> 141.3
A35: 45930 | B35: 72 | D35: =B35-C35 -> 72 | E35: 11 | F35: =C35*30% -> 0 | G35: =E35-F35 -> 11 | H35: 3297.58 | I35: =F35*O35 -> 0 | J35: =H35-I35 -> 3297.58 | K35: =IFERROR(E35/B35,"") -> 0.15277778 | L35: 0.3 | M35: =L35-K35 -> 0.14722222 | N35: =IFERROR(H35/E35,"") -> 299.78 | O35: 250 | P35: =N35-O35 -> 49.78
A36: João | B36: =SUM(B37:B66) -> 691 | C36: =SUM(C37:C66) -> 240 | D36: =SUM(D37:D66) -> 451 | E36: =SUM(E37:E66) -> 221 | F36: =SUM(F37:F66) -> 72 | G36: =SUM(G37:G66) -> 149 | H36: =SUM(H37:H66) -> 54137.08 | I36: =SUM(I37:I66) -> 18000 | J36: =SUM(J37:J66) -> 36137.08 | K36: =IFERROR(E36/B36,"") -> 0.31982634 | L36: 0.3 | M36: =K36-L36 -> 0.019826339 | N36: =H36/E36 -> 244.96416 | O36: 250 | P36: =N36-O36 -> -5.0358371
A37: 45901 | B37: 0 | D37: =B37-C37 -> 0 | E37: 0 | F37: =C37*30% -> 0 | G37: =E37-F37 -> 0 | H37: 0 | J37: =H37-I37 -> 0 | K37: =IFERROR(E37/B37,"") | L37: 0.3 | M37: =L37-K37 -> 0.3 | N37: =IFERROR(H37/E37,"") | O37: 250 | P37: =N37-O37 -> -250
A38: 45902 | B38: 0 | D38: =B38-C38 -> 0 | E38: 0 | F38: =C38*30% -> 0 | G38: =E38-F38 -> 0 | H38: 0 | J38: =H38-I38 -> 0 | K38: =IFERROR(E38/B38,"") | L38: 0.3 | M38: =L38-K38 -> 0.3 | N38: =IFERROR(H38/E38,"") | O38: 250 | P38: =N38-O38 -> -250
A39: 45903 | B39: 0 | D39: =B39-C39 -> 0 | E39: 0 | F39: =C39*30% -> 0 | G39: =E39-F39 -> 0 | H39: 0 | J39: =H39-I39 -> 0 | K39: =IFERROR(E39/B39,"") | L39: 0.3 | M39: =L39-K39 -> 0.3 | N39: =IFERROR(H39/E39,"") | O39: 250 | P39: =N39-O39 -> -250
A40: 45904 | B40: 0 | D40: =B40-C40 -> 0 | E40: 0 | F40: =C40*30% -> 0 | G40: =E40-F40 -> 0 | H40: 0 | J40: =H40-I40 -> 0 | K40: =IFERROR(E40/B40,"") | L40: 0.3 | M40: =L40-K40 -> 0.3 | N40: =IFERROR(H40/E40,"") | O40: 250 | P40: =N40-O40 -> -250
A41: 45905 | B41: 0 | D41: =B41-C41 -> 0 | E41: 0 | F41: =C41*30% -> 0 | G41: =E41-F41 -> 0 | H41: 0 | J41: =H41-I41 -> 0 | K41: =IFERROR(E41/B41,"") | L41: 0.3 | M41: =L41-K41 -> 0.3 | N41: =IFERROR(H41/E41,"") | O41: 250 | P41: =N41-O41 -> -250
A42: 45906 | B42: 0 | D42: =B42-C42 -> 0 | E42: 0 | F42: =C42*30% -> 0 | G42: =E42-F42 -> 0 | H42: 0 | J42: =H42-I42 -> 0 | K42: =IFERROR(E42/B42,"") | L42: 0.3 | M42: =L42-K42 -> 0.3 | N42: =IFERROR(H42/E42,"") | O42: 250 | P42: =N42-O42 -> -250
A43: 45907 | B43: 0 | E43: 0 | H43: 0 | K43: =IFERROR(E43/B43,"") | N43: =IFERROR(H43/E43,"") | P43: =N43-O43 -> 0
A44: 45908 | B44: 0 | D44: =B44-C44 -> 0 | E44: 0 | F44: =C44*30% -> 0 | G44: =E44-F44 -> 0 | H44: 0 | J44: =H44-I44 -> 0 | K44: =IFERROR(E44/B44,"") | L44: 0.3 | M44: =L44-K44 -> 0.3 | N44: =IFERROR(H44/E44,"") | O44: 250 | P44: =N44-O44 -> -250
A45: 45909 | B45: 0 | D45: =B45-C45 -> 0 | E45: 0 | F45: =C45*30% -> 0 | G45: =E45-F45 -> 0 | H45: 0 | J45: =H45-I45 -> 0 | K45: =IFERROR(E45/B45,"") | L45: 0.3 | M45: =L45-K45 -> 0.3 | N45: =IFERROR(H45/E45,"") | O45: 250 | P45: =N45-O45 -> -250
A46: 45910 | B46: 8 | C46: 80 | D46: =B46-C46 -> -72 | E46: 4 | F46: =C46*30% -> 24 | G46: =E46-F46 -> -20 | H46: 1054.9 | I46: =F46*O46 -> 6000 | J46: =H46-I46 -> -4945.1 | K46: =IFERROR(E46/B46,"") -> 0.5 | L46: 0.3 | M46: =L46-K46 -> -0.2 | N46: =IFERROR(H46/E46,"") -> 263.725 | O46: 250 | P46: =N46-O46 -> 13.725
A47: 45911 | B47: 17 | C47: 80 | D47: =B47-C47 -> -63 | E47: 8 | F47: =C47*30% -> 24 | G47: =E47-F47 -> -16 | H47: 1001.79 | I47: =F47*O47 -> 6000 | J47: =H47-I47 -> -4998.21 | K47: =IFERROR(E47/B47,"") -> 0.47058824 | L47: 0.3 | M47: =L47-K47 -> -0.17058824 | N47: =IFERROR(H47/E47,"") -> 125.22375 | O47: 250 | P47: =N47-O47 -> -124.77625
A48: 45912 | B48: 91 | C48: 80 | D48: =B48-C48 -> 11 | E48: 8 | F48: =C48*30% -> 24 | G48: =E48-F48 -> -16 | H48: 1146.44 | I48: =F48*O48 -> 6000 | J48: =H48-I48 -> -4853.56 | K48: =IFERROR(E48/B48,"") -> 0.087912088 | L48: 0.3 | M48: =L48-K48 -> 0.21208791 | N48: =IFERROR(H48/E48,"") -> 143.305 | O48: 250 | P48: =N48-O48 -> -106.695
A49: 45913 | B49: 57 | D49: =B49-C49 -> 57 | E49: 3 | F49: =C49*30% -> 0 | G49: =E49-F49 -> 3 | H49: 350.17 | I49: =F49*O49 -> 0 | J49: =H49-I49 -> 350.17 | K49: =IFERROR(E49/B49,"") -> 0.052631579 | L49: 0.3 | M49: =L49-K49 -> 0.24736842 | N49: =IFERROR(H49/E49,"") -> 116.72333 | O49: 250 | P49: =N49-O49 -> -133.27667
A50: 45914 | D50: =B50-C50 -> 0 | F50: =C50*30% -> 0 | G50: =E50-F50 -> 0 | I50: =F50*O50 -> 0 | J50: =H50-I50 -> 0 | K50: =IFERROR(E50/B50,"") | L50: 0.3 | M50: =L50-K50 -> 0.3 | N50: =IFERROR(H50/E50,"") | O50: 250 | P50: =N50-O50 -> -250
A51: 45915 | B51: 25 | D51: =B51-C51 -> 25 | E51: 17 | F51: =C51*30% -> 0 | G51: =E51-F51 -> 17 | H51: 4571.98 | I51: =F51*O51 -> 0 | J51: =H51-I51 -> 4571.98 | K51: =IFERROR(E51/B51,"") -> 0.68 | L51: 0.3 | M51: =L51-K51 -> -0.38 | N51: =IFERROR(H51/E51,"") -> 268.94 | O51: 250 | P51: =N51-O51 -> 18.94
A52: 45916 | B52: 26 | D52: =B52-C52 -> 26 | E52: 18 | F52: =C52*30% -> 0 | G52: =E52-F52 -> 18 | H52: 5215.28 | I52: =F52*O52 -> 0 | J52: =H52-I52 -> 5215.28 | K52: =IFERROR(E52/B52,"") -> 0.69230769 | L52: 0.3 | M52: =L52-K52 -> -0.39230769 | N52: =IFERROR(H52/E52,"") -> 289.73778 | O52: 250 | P52: =N52-O52 -> 39.737778
A53: 45917 | B53: 68 | D53: =B53-C53 -> 68 | E53: 20 | F53: =C53*30% -> 0 | G53: =E53-F53 -> 20 | H53: 3936.36 | I53: =F53*O53 -> 0 | J53: =H53-I53 -> 3936.36 | K53: =IFERROR(E53/B53,"") -> 0.29411765 | L53: 0.3 | M53: =L53-K53 -> 0.0058823529 | N53: =IFERROR(H53/E53,"") -> 196.818 | O53: 250 | P53: =N53-O53 -> -53.182 | R53: Setembro
A54: 45918 | B54: 26 | D54: =B54-C54 -> 26 | E54: 14 | F54: =C54*30% -> 0 | G54: =E54-F54 -> 14 | H54: 5266.28 | I54: =F54*O54 -> 0 | J54: =H54-I54 -> 5266.28 | K54: =IFERROR(E54/B54,"") -> 0.53846154 | L54: 0.3 | M54: =L54-K54 -> -0.23846154 | N54: =IFERROR(H54/E54,"") -> 376.16286 | O54: 250 | P54: =N54-O54 -> 126.16286 | R54: Meta | S54: 40000
A55: 45919 | B55: 15 | D55: =B55-C55 -> 15 | E55: 17 | F55: =C55*30% -> 0 | G55: =E55-F55 -> 17 | H55: 3043.75 | I55: =F55*O55 -> 0 | J55: =H55-I55 -> 3043.75 | K55: =IFERROR(E55/B55,"") -> 1.1333333 | L55: 0.3 | M55: =L55-K55 -> -0.83333333 | N55: =IFERROR(H55/E55,"") -> 179.04412 | O55: 250 | P55: =N55-O55 -> -70.955882 | R55: Meta x Dia | S55: =S54/30 -> 1333.3333
A56: 45920 | B56: 7 | D56: =B56-C56 -> 7 | E56: 8 | F56: =C56*30% -> 0 | G56: =E56-F56 -> 8 | H56: 1903.56 | I56: =F56*O56 -> 0 | J56: =H56-I56 -> 1903.56 | K56: =IFERROR(E56/B56,"") -> 1.1428571 | L56: 0.3 | M56: =L56-K56 -> -0.84285714 | N56: =IFERROR(H56/E56,"") -> 237.945 | O56: 250 | P56: =N56-O56 -> -12.055 | R56: Meta x Dia Útil | S56: =S54/22 -> 1818.1818
A57: 45921 | D57: =B57-C57 -> 0 | F57: =C57*30% -> 0 | G57: =E57-F57 -> 0 | I57: =F57*O57 -> 0 | J57: =H57-I57 -> 0 | K57: =IFERROR(E57/B57,"") | L57: 0.3 | M57: =L57-K57 -> 0.3 | N57: =IFERROR(H57/E57,"") | O57: 250 | P57: =N57-O57 -> -250 | R57: Realizado | S57: =H36 -> 54137.08
A58: 45922 | B58: 31 | D58: =B58-C58 -> 31 | E58: 23 | F58: =C58*30% -> 0 | G58: =E58-F58 -> 23 | H58: 5342.61 | I58: =F58*O58 -> 0 | J58: =H58-I58 -> 5342.61 | K58: =IFERROR(E58/B58,"") -> 0.74193548 | L58: 0.3 | M58: =L58-K58 -> -0.44193548 | N58: =IFERROR(H58/E58,"") -> 232.28739 | O58: 250 | P58: =N58-O58 -> -17.712609 | R58: % da Meta | S58: =S57/S54 -> 1.353427
A59: 45923 | B59: 27 | D59: =B59-C59 -> 27 | E59: 23 | F59: =C59*30% -> 0 | G59: =E59-F59 -> 23 | H59: 6092.27 | I59: =F59*O59 -> 0 | J59: =H59-I59 -> 6092.27 | K59: =IFERROR(E59/B59,"") -> 0.85185185 | L59: 0.3 | M59: =L59-K59 -> -0.55185185 | N59: =IFERROR(H59/E59,"") -> 264.8813 | O59: 250 | P59: =N59-O59 -> 14.881304 | R59: Dias Útil Restante | S59: 2
A60: 45924 | B60: 37 | D60: =B60-C60 -> 37 | E60: 13 | F60: =C60*30% -> 0 | G60: =E60-F60 -> 13 | H60: 3521.96 | I60: =F60*O60 -> 0 | J60: =H60-I60 -> 3521.96 | K60: =IFERROR(E60/B60,"") -> 0.35135135 | L60: 0.3 | M60: =L60-K60 -> -0.051351351 | N60: =IFERROR(H60/E60,"") -> 270.92 | O60: 250 | P60: =N60-O60 -> 20.92 | R60: Meta dia Acumulado | S60: =(S54-S57)/S59 -> -7068.54
A61: 45925 | B61: 26 | D61: =B61-C61 -> 26 | E61: 12 | F61: =C61*30% -> 0 | G61: =E61-F61 -> 12 | H61: 4076.94 | I61: =F61*O61 -> 0 | J61: =H61-I61 -> 4076.94 | K61: =IFERROR(E61/B61,"") -> 0.46153846 | L61: 0.3 | M61: =L61-K61 -> -0.16153846 | N61: =IFERROR(H61/E61,"") -> 339.745 | O61: 250 | P61: =N61-O61 -> 89.745 | R61: Ticket Médio | S61: =N36 -> 244.96416
A62: 45926 | B62: 14 | D62: =B62-C62 -> 14 | E62: 10 | F62: =C62*30% -> 0 | G62: =E62-F62 -> 10 | H62: 2746.08 | I62: =F62*O62 -> 0 | J62: =H62-I62 -> 2746.08 | K62: =IFERROR(E62/B62,"") -> 0.71428571 | L62: 0.3 | M62: =L62-K62 -> -0.41428571 | N62: =IFERROR(H62/E62,"") -> 274.608 | O62: 250 | P62: =N62-O62 -> 24.608 | R62: Nº Leads | S62: =B36 -> 691
A63: 45927 | B63: 6 | D63: =B63-C63 -> 6 | E63: 6 | F63: =C63*30% -> 0 | G63: =E63-F63 -> 6 | H63: 1470.49 | I63: =F63*O63 -> 0 | J63: =H63-I63 -> 1470.49 | K63: =IFERROR(E63/B63,"") -> 1 | L63: 0.3 | M63: =L63-K63 -> -0.7 | N63: =IFERROR(H63/E63,"") -> 245.08167 | O63: 250 | P63: =N63-O63 -> -4.9183333 | R63: Nº Vendas | S63: =E36 -> 221
A64: 45928 | D64: =B64-C64 -> 0 | F64: =C64*30% -> 0 | G64: =E64-F64 -> 0 | I64: =F64*O64 -> 0 | J64: =H64-I64 -> 0 | K64: =IFERROR(E64/B64,"") | L64: 0.3 | M64: =L64-K64 -> 0.3 | N64: =IFERROR(H64/E64,"") | O64: 250 | P64: =N64-O64 -> -250 | R64: Taxa Conversão | S64: =E36/B36 -> 0.31982634
A65: 45929 | B65: 73 | D65: =B65-C65 -> 73 | E65: 9 | F65: =C65*30% -> 0 | G65: =E65-F65 -> 9 | H65: 1809 | I65: =F65*O65 -> 0 | J65: =H65-I65 -> 1809 | K65: =IFERROR(E65/B65,"") -> 0.12328767 | L65: 0.3 | M65: =L65-K65 -> 0.17671233 | N65: =IFERROR(H65/E65,"") -> 201 | O65: 250 | P65: =N65-O65 -> -49
A66: 45930 | B66: 137 | D66: =B66-C66 -> 137 | E66: 8 | F66: =C66*30% -> 0 | G66: =E66-F66 -> 8 | H66: 1587.22 | I66: =F66*O66 -> 0 | J66: =H66-I66 -> 1587.22 | K66: =IFERROR(E66/B66,"") -> 0.058394161 | L66: 0.3 | M66: =L66-K66 -> 0.24160584 | N66: =IFERROR(H66/E66,"") -> 198.4025 | O66: 250 | P66: =N66-O66 -> -51.5975
A67: Mirian | B67: =SUM(B68:B97) -> 678 | C67: =SUM(C68:C97) -> 240 | D67: =SUM(D68:D97) -> 458 | E67: =SUM(E68:E97) -> 166 | F67: =SUM(F68:F97) -> 66 | G67: =SUM(G68:G97) -> 100 | H67: =SUM(H68:H97) -> 28676.82 | I67: =SUM(I68:I97) -> 9900 | J67: =SUM(J68:J97) -> 18776.82 | K67: =IFERROR(E67/B67,"") -> 0.24483776 | L67: 0.3 | M67: =K67-L67 -> -0.055162242 | N67: =IFERROR(H67/E67,"") -> 172.75193 | O67: =O68 -> 150 | P67: =N67-O67 -> 22.751928
A68: 45901 | B68: 3 | C68: 20 | D68: =B68-C68 -> -17 | E68: 0 | F68: =C68*30% -> 6 | G68: =E68-F68 -> -6 | H68: 0 | I68: =F68*O68 -> 900 | J68: =H68-I68 -> -900 | K68: =IFERROR(E68/B68,"") -> 0 | L68: 0.3 | M68: =L68-K68 -> 0.3 | N68: =IFERROR(H68/E68,"") | O68: 150 | P68: =N68-O68 -> -150 | R68: Setembro
A69: 45902 | B69: 5 | C69: 20 | D69: =B69-C69 -> -15 | E69: 3 | F69: =C69*30% -> 6 | G69: =E69-F69 -> -3 | H69: 244.91 | I69: =F69*O69 -> 900 | J69: =H69-I69 -> -655.09 | K69: =IFERROR(E69/B69,"") -> 0.6 | L69: 0.3 | M69: =L69-K69 -> -0.3 | N69: =IFERROR(H69/E69,"") -> 81.636667 | O69: 150 | P69: =N69-O69 -> -68.363333 | R69: Meta | S69: 16500
A70: 45903 | B70: 9 | C70: 20 | D70: =B70-C70 -> -11 | E70: 7 | F70: =C70*30% -> 6 | G70: =E70-F70 -> 1 | H70: 1737.57 | I70: =F70*O70 -> 900 | J70: =H70-I70 -> 837.57 | K70: =IFERROR(E70/B70,"") -> 0.77777778 | L70: 0.3 | M70: =L70-K70 -> -0.47777778 | N70: =IFERROR(H70/E70,"") -> 248.22429 | O70: 150 | P70: =N70-O70 -> 98.224286 | R70: Meta x Dia | S70: =S69/30 -> 550
A71: 45904 | B71: 11 | C71: 20 | D71: =B71-C71 -> -9 | E71: 8 | F71: =C71*30% -> 6 | G71: =E71-F71 -> 2 | H71: 838.99 | I71: =F71*O71 -> 900 | J71: =H71-I71 -> -61.01 | K71: =IFERROR(E71/B71,"") -> 0.72727273 | L71: 0.3 | M71: =L71-K71 -> -0.42727273 | N71: =IFERROR(H71/E71,"") -> 104.87375 | O71: 150 | P71: =N71-O71 -> -45.12625 | R71: Meta x Dia Útil | S71: =S69/22 -> 750
A72: 45905 | B72: 11 | C72: 20 | D72: =B72-C72 -> -9 | E72: 10 | F72: =C72*30% -> 6 | G72: =E72-F72 -> 4 | H72: 887.24 | I72: =F72*O72 -> 900 | J72: =H72-I72 -> -12.76 | K72: =IFERROR(E72/B72,"") -> 0.90909091 | L72: 0.3 | M72: =L72-K72 -> -0.60909091 | N72: =IFERROR(H72/E72,"") -> 88.724 | O72: 150 | P72: =N72-O72 -> -61.276 | R72: Realizado | S72: =H67 -> 28676.82
A73: 45906 | B73: 7 | C73: 20 | D73: =B73-C73 -> -13 | E73: 1 | F73: =C73*30% -> 6 | G73: =E73-F73 -> -5 | H73: 113 | I73: =F73*O73 -> 900 | J73: =H73-I73 -> -787 | K73: =IFERROR(E73/B73,"") -> 0.14285714 | L73: 0.3 | M73: =L73-K73 -> 0.15714286 | N73: =IFERROR(H73/E73,"") -> 113 | O73: 150 | P73: =N73-O73 -> -37 | R73: % da Meta | S73: =S72/S69 -> 1.7379891
A74: 45907 | C74: 20 | I74: =F74*O74 -> 0 | K74: =IFERROR(E74/B74,"") | N74: =IFERROR(H74/E74,"") | O74: 150 | P74: =N74-O74 -> -150 | R74: Dias Útil Restante | S74: 3
A75: 45908 | B75: 16 | C75: 20 | D75: =B75-C75 -> -4 | E75: 12 | F75: =C75*30% -> 6 | G75: =E75-F75 -> 6 | H75: 1518.42 | I75: =F75*O75 -> 900 | J75: =H75-I75 -> 618.42 | K75: =IFERROR(E75/B75,"") -> 0.75 | L75: 0.3 | M75: =L75-K75 -> -0.45 | N75: =IFERROR(H75/E75,"") -> 126.535 | O75: 150 | P75: =N75-O75 -> -23.465 | R75: Meta dia Acumulado | S75: =(S69-S72)/S74 -> -4058.94
A76: 45909 | B76: 18 | C76: 20 | D76: =B76-C76 -> -2 | E76: 8 | F76: =C76*30% -> 6 | G76: =E76-F76 -> 2 | H76: 1160.13 | I76: =F76*O76 -> 900 | J76: =H76-I76 -> 260.13 | K76: =IFERROR(E76/B76,"") -> 0.44444444 | L76: 0.3 | M76: =L76-K76 -> -0.14444444 | N76: =IFERROR(H76/E76,"") -> 145.01625 | O76: 150 | P76: =N76-O76 -> -4.98375 | R76: Ticket Médio | S76: =N67 -> 172.75193
A77: 45910 | B77: 26 | C77: 20 | D77: =B77-C77 -> 6 | E77: 9 | F77: =C77*30% -> 6 | G77: =E77-F77 -> 3 | H77: 1852.79 | I77: =F77*O77 -> 900 | J77: =H77-I77 -> 952.79 | K77: =IFERROR(E77/B77,"") -> 0.34615385 | L77: 0.3 | M77: =L77-K77 -> -0.046153846 | N77: =IFERROR(H77/E77,"") -> 205.86556 | O77: 150 | P77: =N77-O77 -> 55.865556 | R77: Nº Leads | S77: =B67 -> 678
A78: 45911 | B78: 12 | C78: 20 | D78: =B78-C78 -> -8 | E78: 7 | F78: =C78*30% -> 6 | G78: =E78-F78 -> 1 | H78: 1123.79 | I78: =F78*O78 -> 900 | J78: =H78-I78 -> 223.79 | K78: =IFERROR(E78/B78,"") -> 0.58333333 | L78: 0.3 | M78: =L78-K78 -> -0.28333333 | N78: =IFERROR(H78/E78,"") -> 160.54143 | O78: 150 | P78: =N78-O78 -> 10.541429 | R78: Nº Vendas | S78: =E67 -> 166
A79: 45912 | B79: 35 | C79: 20 | D79: =B79-C79 -> 15 | E79: 6 | F79: =C79*30% -> 6 | G79: =E79-F79 -> 0 | H79: 2488.8 | I79: =F79*O79 -> 900 | J79: =H79-I79 -> 1588.8 | K79: =IFERROR(E79/B79,"") -> 0.17142857 | L79: 0.3 | M79: =L79-K79 -> 0.12857143 | N79: =IFERROR(H79/E79,"") -> 414.8 | O79: 150 | P79: =N79-O79 -> 264.8 | R79: Taxa Conversão | S79: =E67/B67 -> 0.24483776
A80: 45913 | B80: 24 | D80: =B80-C80 -> 24 | F80: =C80*30% -> 0 | G80: =E80-F80 -> 0 | I80: =F80*O80 -> 0 | J80: =H80-I80 -> 0 | K80: =IFERROR(E80/B80,"") -> 0 | L80: 0.3 | M80: =L80-K80 -> 0.3 | N80: =IFERROR(H80/E80,"") | O80: 150 | P80: =N80-O80 -> -150
A81: 45914 | D81: =B81-C81 -> 0 | F81: =C81*30% -> 0 | G81: =E81-F81 -> 0 | I81: =F81*O81 -> 0 | J81: =H81-I81 -> 0 | K81: =IFERROR(E81/B81,"") | L81: 0.3 | M81: =L81-K81 -> 0.3 | N81: =IFERROR(H81/E81,"") | O81: 150 | P81: =N81-O81 -> -150
A82: 45915 | B82: 46 | D82: =B82-C82 -> 46 | E82: 5 | F82: =C82*30% -> 0 | G82: =E82-F82 -> 5 | H82: 883.16 | I82: =F82*O82 -> 0 | J82: =H82-I82 -> 883.16 | K82: =IFERROR(E82/B82,"") -> 0.10869565 | L82: 0.3 | M82: =L82-K82 -> 0.19130435 | N82: =IFERROR(H82/E82,"") -> 176.632 | O82: 150 | P82: =N82-O82 -> 26.632
A83: 45916 | B83: 69 | D83: =B83-C83 -> 69 | E83: 11 | F83: =C83*30% -> 0 | G83: =E83-F83 -> 11 | H83: 1137.56 | I83: =F83*O83 -> 0 | J83: =H83-I83 -> 1137.56 | K83: =IFERROR(E83/B83,"") -> 0.15942029 | L83: 0.3 | M83: =L83-K83 -> 0.14057971 | N83: =IFERROR(H83/E83,"") -> 103.41455 | O83: 150 | P83: =N83-O83 -> -46.585455
A84: 45917 | B84: 52 | D84: =B84-C84 -> 52 | E84: 7 | F84: =C84*30% -> 0 | G84: =E84-F84 -> 7 | H84: 1366.27 | I84: =F84*O84 -> 0 | J84: =H84-I84 -> 1366.27 | K84: =IFERROR(E84/B84,"") -> 0.13461538 | L84: 0.3 | M84: =L84-K84 -> 0.16538462 | N84: =IFERROR(H84/E84,"") -> 195.18143 | O84: 150 | P84: =N84-O84 -> 45.181429
A85: 45918 | B85: 61 | D85: =B85-C85 -> 61 | E85: 8 | F85: =C85*30% -> 0 | G85: =E85-F85 -> 8 | H85: 1203.23 | I85: =F85*O85 -> 0 | J85: =H85-I85 -> 1203.23 | K85: =IFERROR(E85/B85,"") -> 0.13114754 | L85: 0.3 | M85: =L85-K85 -> 0.16885246 | N85: =IFERROR(H85/E85,"") -> 150.40375 | O85: 150 | P85: =N85-O85 -> 0.40375
A86: 45919 | B86: 25 | D86: =B86-C86 -> 25 | E86: 5 | F86: =C86*30% -> 0 | G86: =E86-F86 -> 5 | H86: 1166.81 | I86: =F86*O86 -> 0 | J86: =H86-I86 -> 1166.81 | K86: =IFERROR(E86/B86,"") -> 0.2 | L86: 0.3 | M86: =L86-K86 -> 0.1 | N86: =IFERROR(H86/E86,"") -> 233.362 | O86: 150 | P86: =N86-O86 -> 83.362
A87: 45920 | B87: 5 | D87: =B87-C87 -> 5 | E87: 6 | F87: =C87*30% -> 0 | G87: =E87-F87 -> 6 | H87: 1363.17 | I87: =F87*O87 -> 0 | J87: =H87-I87 -> 1363.17 | K87: =IFERROR(E87/B87,"") -> 1.2 | L87: 0.3 | M87: =L87-K87 -> -0.9 | N87: =IFERROR(H87/E87,"") -> 227.195 | O87: 150 | P87: =N87-O87 -> 77.195
A88: 45921 | D88: =B88-C88 -> 0 | F88: =C88*30% -> 0 | G88: =E88-F88 -> 0 | I88: =F88*O88 -> 0 | J88: =H88-I88 -> 0 | K88: =IFERROR(E88/B88,"") | L88: 0.3 | M88: =L88-K88 -> 0.3 | N88: =IFERROR(H88/E88,"") | O88: 150 | P88: =N88-O88 -> -150
A89: 45922 | B89: 37 | D89: =B89-C89 -> 37 | E89: 9 | F89: =C89*30% -> 0 | G89: =E89-F89 -> 9 | H89: 1258.31 | I89: =F89*O89 -> 0 | J89: =H89-I89 -> 1258.31 | K89: =IFERROR(E89/B89,"") -> 0.24324324 | L89: 0.3 | M89: =L89-K89 -> 0.056756757 | N89: =IFERROR(H89/E89,"") -> 139.81222 | O89: 150 | P89: =N89-O89 -> -10.187778
A90: 45923 | B90: 42 | D90: =B90-C90 -> 42 | E90: 10 | F90: =C90*30% -> 0 | G90: =E90-F90 -> 10 | H90: 1404.3 | I90: =F90*O90 -> 0 | J90: =H90-I90 -> 1404.3 | K90: =IFERROR(E90/B90,"") -> 0.23809524 | L90: 0.3 | M90: =L90-K90 -> 0.061904762 | N90: =IFERROR(H90/E90,"") -> 140.43 | O90: 150 | P90: =N90-O90 -> -9.57
A91: 45924 | B91: 36 | D91: =B91-C91 -> 36 | E91: 1 | F91: =C91*30% -> 0 | G91: =E91-F91 -> 1 | H91: 289.54 | I91: =F91*O91 -> 0 | J91: =H91-I91 -> 289.54 | K91: =IFERROR(E91/B91,"") -> 0.027777778 | L91: 0.3 | M91: =L91-K91 -> 0.27222222 | N91: =IFERROR(H91/E91,"") -> 289.54 | O91: 150 | P91: =N91-O91 -> 139.54
A92: 45925 | B92: 35 | D92: =B92-C92 -> 35 | E92: 11 | F92: =C92*30% -> 0 | G92: =E92-F92 -> 11 | H92: 1280.72 | I92: =F92*O92 -> 0 | J92: =H92-I92 -> 1280.72 | K92: =IFERROR(E92/B92,"") -> 0.31428571 | L92: 0.3 | M92: =L92-K92 -> -0.014285714 | N92: =IFERROR(H92/E92,"") -> 116.42909 | O92: 150 | P92: =N92-O92 -> -33.570909
A93: 45926 | B93: 43 | D93: =B93-C93 -> 43 | E93: 10 | F93: =C93*30% -> 0 | G93: =E93-F93 -> 10 | H93: 2655.33 | I93: =F93*O93 -> 0 | J93: =H93-I93 -> 2655.33 | K93: =IFERROR(E93/B93,"") -> 0.23255814 | L93: 0.3 | M93: =L93-K93 -> 0.06744186 | N93: =IFERROR(H93/E93,"") -> 265.533 | O93: 150 | P93: =N93-O93 -> 115.533
A94: 45927 | B94: 8 | D94: =B94-C94 -> 8 | E94: 2 | F94: =C94*30% -> 0 | G94: =E94-F94 -> 2 | H94: 637.24 | I94: =F94*O94 -> 0 | J94: =H94-I94 -> 637.24 | K94: =IFERROR(E94/B94,"") -> 0.25 | L94: 0.3 | M94: =L94-K94 -> 0.05 | N94: =IFERROR(H94/E94,"") -> 318.62 | O94: 150 | P94: =N94-O94 -> 168.62
A95: 45928 | D95: =B95-C95 -> 0 | F95: =C95*30% -> 0 | G95: =E95-F95 -> 0 | I95: =F95*O95 -> 0 | J95: =H95-I95 -> 0 | K95: =IFERROR(E95/B95,"") | L95: 0.3 | M95: =L95-K95 -> 0.3 | N95: =IFERROR(H95/E95,"") | O95: 150 | P95: =N95-O95 -> -150
A96: 45929 | D96: =B96-C96 -> 0 | F96: =C96*30% -> 0 | G96: =E96-F96 -> 0 | I96: =F96*O96 -> 0 | J96: =H96-I96 -> 0 | K96: =IFERROR(E96/B96,"") | L96: 0.3 | M96: =L96-K96 -> 0.3 | N96: =IFERROR(H96/E96,"") | O96: 150 | P96: =N96-O96 -> -150
A97: 45930 | B97: 42 | D97: =B97-C97 -> 42 | E97: 10 | F97: =C97*30% -> 0 | G97: =E97-F97 -> 10 | H97: 2065.54 | I97: =F97*O97 -> 0 | J97: =H97-I97 -> 2065.54 | K97: =IFERROR(E97/B97,"") -> 0.23809524 | L97: 0.3 | M97: =L97-K97 -> 0.061904762 | N97: =IFERROR(H97/E97,"") -> 206.554 | O97: 150 | P97: =N97-O97 -> 56.554

Sheet Recompra - 09
B1: Leads | E1: Nº Vendas | H1: Faturamento | K1: Taxa Conversão | N1: Ticket Médio
B2: Realizado | C2: Meta | D2: Gap | E2: Realizado | F2: Meta | G2: Gap | H2: Realizado | I2: Meta | J2: Gap | K2: Realizado | L2: Meta | M2: Gap | N2: Realizado | O2: Meta | P2: Gap
A4: Setembro | B4: =B5+B36+B67+B98 -> 1198 | C4: =C5+C36+C67+C98 -> 4360 | D4: =D5+D36+D67+D98 -> -3042 | E4: =E5+E36+E67+E98 -> 608 | F4: =F5+F36+F67+F98 -> 1002 | G4: =G5+G36+G67+G98 -> -374 | H4: =H5+H36+H67+H98 -> 148805.69 | I4: =I5+I36+I67+I98 -> 243900 | J4: =J5+J36+J67+J98 -> -90094.31 | K4: =K5+K36 -> 0.5022749 | L4: 0.4 | M4: =K4*L4 -> 0.20090996 | N4: =H4/E4 -> 244.7462 | O4: 250 | P4: =N4-O4 -> -5.2537993
A5: Hagata | B5: =SUM(B6:B35) -> 576 | C5: =SUM(C6:C35) -> 880 | D5: =SUM(D6:D35) -> -304 | E5: =SUM(E6:E35) -> 190 | F5: =SUM(F6:F35) -> 264 | G5: =SUM(G6:G35) -> -74 | H5: =SUM(H6:H35) -> 48083.94 | I5: =SUM(I6:I35) -> 66000 | J5: =SUM(J6:J35) -> -17916.06 | K5: =IFERROR(E5/B5,"") -> 0.32986111 | L5: 0.3 | M5: =L5-K5 -> -0.029861111 | N5: =IFERROR(H5/E5,"") -> 253.07337 | O5: 250 | P5: =N5-O5 -> 3.0733684
A6: 45901 | B6: 21 | C6: 80 | D6: =B6-C6 -> -59 | E6: 11 | F6: =C6*30% -> 24 | G6: =E6-F6 -> -13 | H6: 2697.24 | I6: =F6*O6 -> 6000 | J6: =H6-I6 -> -3302.76 | K6: =IFERROR(E6/B6,"") -> 0.52380952 | L6: 0.3 | M6: =L6-K6 -> -0.22380952 | N6: =IFERROR(H6/E6,"") -> 245.20364 | O6: 250 | P6: =N6-O6 -> -4.7963636 | R6: Setembro
A7: 45902 | B7: 82 | C7: 80 | D7: =B7-C7 -> 2 | E7: 13 | F7: =C7*30% -> 24 | G7: =E7-F7 -> -11 | H7: 2528.42 | I7: =F7*O7 -> 6000 | J7: =H7-I7 -> -3471.58 | K7: =IFERROR(E7/B7,"") -> 0.15853659 | L7: 0.3 | M7: =L7-K7 -> 0.14146341 | N7: =IFERROR(H7/E7,"") -> 194.49385 | O7: 250 | P7: =N7-O7 -> -55.506154 | R7: Meta | S7: 110000
A8: 45903 | B8: 59 | C8: 80 | D8: =B8-C8 -> -21 | E8: 19 | F8: =C8*30% -> 24 | G8: =E8-F8 -> -5 | H8: 5018.52 | I8: =F8*O8 -> 6000 | J8: =H8-I8 -> -981.48 | K8: =IFERROR(E8/B8,"") -> 0.3220339 | L8: 0.3 | M8: =L8-K8 -> -0.022033898 | N8: =IFERROR(H8/E8,"") -> 264.13263 | O8: 250 | P8: =N8-O8 -> 14.132632 | R8: Meta x Dia | S8: =S7/30 -> 3666.6667
A9: 45904 | B9: 14 | C9: 80 | D9: =B9-C9 -> -66 | E9: 14 | F9: =C9*30% -> 24 | G9: =E9-F9 -> -10 | H9: 3333.31 | I9: =F9*O9 -> 6000 | J9: =H9-I9 -> -2666.69 | K9: =IFERROR(E9/B9,"") -> 1 | L9: 0.3 | M9: =L9-K9 -> -0.7 | N9: =IFERROR(H9/E9,"") -> 238.09357 | O9: 250 | P9: =N9-O9 -> -11.906429 | R9: Meta x Dia Útil | S9: =S7/22 -> 5000
A10: 45905 | B10: 77 | C10: 80 | D10: =B10-C10 -> -3 | E10: 10 | F10: =C10*30% -> 24 | G10: =E10-F10 -> -14 | H10: 1921.59 | I10: =F10*O10 -> 6000 | J10: =H10-I10 -> -4078.41 | K10: =IFERROR(E10/B10,"") -> 0.12987013 | L10: 0.3 | M10: =L10-K10 -> 0.17012987 | N10: =IFERROR(H10/E10,"") -> 192.159 | O10: 250 | P10: =N10-O10 -> -57.841 | R10: Realizado | S10: =H5 -> 48083.94
A11: 45906 | B11: 52 | C11: 80 | D11: =B11-C11 -> -28 | E11: 7 | F11: =C11*30% -> 24 | G11: =E11-F11 -> -17 | H11: 2617.3 | I11: =F11*O11 -> 6000 | J11: =H11-I11 -> -3382.7 | K11: =IFERROR(E11/B11,"") -> 0.13461538 | L11: 0.3 | M11: =L11-K11 -> 0.16538462 | N11: =IFERROR(H11/E11,"") -> 373.9 | O11: 250 | P11: =N11-O11 -> 123.9 | R11: % da Meta | S11: =S10/S7 -> 0.43712673
A12: 45907 | I12: =F12*O12 -> 0 | K12: =IFERROR(E12/B12,"") | N12: =IFERROR(H12/E12,"") | P12: =N12-O12 -> 0 | R12: Dias Útil Restante | S12: 12
A13: 45908 | B13: 57 | C13: 80 | D13: =B13-C13 -> -23 | E13: 25 | F13: =C13*30% -> 24 | G13: =E13-F13 -> 1 | H13: 6796.36 | I13: =F13*O13 -> 6000 | J13: =H13-I13 -> 796.36 | K13: =IFERROR(E13/B13,"") -> 0.43859649 | L13: 0.3 | M13: =L13-K13 -> -0.13859649 | N13: =IFERROR(H13/E13,"") -> 271.8544 | O13: 250 | P13: =N13-O13 -> 21.8544 | R13: Meta dia Acumulado | S13: =(S7-S10)/S12 -> 5159.6717
A14: 45909 | B14: 14 | C14: 80 | D14: =B14-C14 -> -66 | E14: 11 | F14: =C14*30% -> 24 | G14: =E14-F14 -> -13 | H14: 2948.88 | I14: =F14*O14 -> 6000 | J14: =H14-I14 -> -3051.12 | K14: =IFERROR(E14/B14,"") -> 0.78571429 | L14: 0.3 | M14: =L14-K14 -> -0.48571429 | N14: =IFERROR(H14/E14,"") -> 268.08 | O14: 250 | P14: =N14-O14 -> 18.08 | R14: Ticket Médio | S14: =N5 -> 253.07337
A15: 45910 | B15: 49 | C15: 80 | D15: =B15-C15 -> -31 | E15: 15 | F15: =C15*30% -> 24 | G15: =E15-F15 -> -9 | H15: 2718.89 | I15: =F15*O15 -> 6000 | J15: =H15-I15 -> -3281.11 | K15: =IFERROR(E15/B15,"") -> 0.30612245 | L15: 0.3 | M15: =L15-K15 -> -0.006122449 | N15: =IFERROR(H15/E15,"") -> 181.25933 | O15: 250 | P15: =N15-O15 -> -68.740667 | R15: Nº Leads | S15: =B5 -> 576
A16: 45911 | B16: 58 | C16: 80 | D16: =B16-C16 -> -22 | E16: 14 | F16: =C16*30% -> 24 | G16: =E16-F16 -> -10 | H16: 4424.64 | I16: =F16*O16 -> 6000 | J16: =H16-I16 -> -1575.36 | K16: =IFERROR(E16/B16,"") -> 0.24137931 | L16: 0.3 | M16: =L16-K16 -> 0.05862069 | N16: =IFERROR(H16/E16,"") -> 316.04571 | O16: 250 | P16: =N16-O16 -> 66.045714 | R16: Nº Vendas | S16: =E5 -> 190
A17: 45912 | B17: 36 | C17: 80 | D17: =B17-C17 -> -44 | E17: 8 | F17: =C17*30% -> 24 | G17: =E17-F17 -> -16 | H17: 2402.84 | I17: =F17*O17 -> 6000 | J17: =H17-I17 -> -3597.16 | K17: =IFERROR(E17/B17,"") -> 0.22222222 | L17: 0.3 | M17: =L17-K17 -> 0.077777778 | N17: =IFERROR(H17/E17,"") -> 300.355 | O17: 250 | P17: =N17-O17 -> 50.355 | R17: Taxa Conversão | S17: =E5/B5 -> 0.32986111
A18: 45913 | B18: 0 | D18: =B18-C18 -> 0 | E18: 1 | F18: =C18*30% -> 0 | G18: =E18-F18 -> 1 | H18: 160 | I18: =F18*O18 -> 0 | J18: =H18-I18 -> 160 | K18: =IFERROR(E18/B18,"") | L18: 0.3 | M18: =L18-K18 -> 0.3 | N18: =IFERROR(H18/E18,"") -> 160 | O18: 250 | P18: =N18-O18 -> -90
A19: 45914 | D19: =B19-C19 -> 0 | F19: =C19*30% -> 0 | G19: =E19-F19 -> 0 | I19: =F19*O19 -> 0 | J19: =H19-I19 -> 0 | K19: =IFERROR(E19/B19,"") | L19: 0.3 | M19: =L19-K19 -> 0.3 | N19: =IFERROR(H19/E19,"") | O19: 250 | P19: =N19-O19 -> -250
A20: 45915 | D20: =B20-C20 -> 0 | F20: =C20*30% -> 0 | G20: =E20-F20 -> 0 | I20: =F20*O20 -> 0 | J20: =H20-I20 -> 0 | K20: =IFERROR(E20/B20,"") | L20: 0.3 | M20: =L20-K20 -> 0.3 | N20: =IFERROR(H20/E20,"") | O20: 250 | P20: =N20-O20 -> -250
A21: 45916 | D21: =B21-C21 -> 0 | F21: =C21*30% -> 0 | G21: =E21-F21 -> 0 | I21: =F21*O21 -> 0 | J21: =H21-I21 -> 0 | K21: =IFERROR(E21/B21,"") | L21: 0.3 | M21: =L21-K21 -> 0.3 | N21: =IFERROR(H21/E21,"") | O21: 250 | P21: =N21-O21 -> -250
A22: 45917 | D22: =B22-C22 -> 0 | F22: =C22*30% -> 0 | G22: =E22-F22 -> 0 | I22: =F22*O22 -> 0 | J22: =H22-I22 -> 0 | K22: =IFERROR(E22/B22,"") | L22: 0.3 | M22: =L22-K22 -> 0.3 | N22: =IFERROR(H22/E22,"") | O22: 250 | P22: =N22-O22 -> -250
A23: 45918 | D23: =B23-C23 -> 0 | F23: =C23*30% -> 0 | G23: =E23-F23 -> 0 | I23: =F23*O23 -> 0 | J23: =H23-I23 -> 0 | K23: =IFERROR(E23/B23,"") | L23: 0.3 | M23: =L23-K23 -> 0.3 | N23: =IFERROR(H23/E23,"") | O23: 250 | P23: =N23-O23 -> -250
A24: 45919 | D24: =B24-C24 -> 0 | F24: =C24*30% -> 0 | G24: =E24-F24 -> 0 | I24: =F24*O24 -> 0 | J24: =H24-I24 -> 0 | K24: =IFERROR(E24/B24,"") | L24: 0.3 | M24: =L24-K24 -> 0.3 | N24: =IFERROR(H24/E24,"") | O24: 250 | P24: =N24-O24 -> -250
A25: 45920 | D25: =B25-C25 -> 0 | F25: =C25*30% -> 0 | G25: =E25-F25 -> 0 | I25: =F25*O25 -> 0 | J25: =H25-I25 -> 0 | K25: =IFERROR(E25/B25,"") | L25: 0.3 | M25: =L25-K25 -> 0.3 | N25: =IFERROR(H25/E25,"") | O25: 250 | P25: =N25-O25 -> -250
A26: 45921 | D26: =B26-C26 -> 0 | F26: =C26*30% -> 0 | G26: =E26-F26 -> 0 | I26: =F26*O26 -> 0 | J26: =H26-I26 -> 0 | K26: =IFERROR(E26/B26,"") | L26: 0.3 | M26: =L26-K26 -> 0.3 | N26: =IFERROR(H26/E26,"") | O26: 250 | P26: =N26-O26 -> -250
A27: 45922 | D27: =B27-C27 -> 0 | F27: =C27*30% -> 0 | G27: =E27-F27 -> 0 | I27: =F27*O27 -> 0 | J27: =H27-I27 -> 0 | K27: =IFERROR(E27/B27,"") | L27: 0.3 | M27: =L27-K27 -> 0.3 | N27: =IFERROR(H27/E27,"") | O27: 250 | P27: =N27-O27 -> -250
A28: 45923 | D28: =B28-C28 -> 0 | F28: =C28*30% -> 0 | G28: =E28-F28 -> 0 | I28: =F28*O28 -> 0 | J28: =H28-I28 -> 0 | K28: =IFERROR(E28/B28,"") | L28: 0.3 | M28: =L28-K28 -> 0.3 | N28: =IFERROR(H28/E28,"") | O28: 250 | P28: =N28-O28 -> -250
A29: 45924 | D29: =B29-C29 -> 0 | F29: =C29*30% -> 0 | G29: =E29-F29 -> 0 | I29: =F29*O29 -> 0 | J29: =H29-I29 -> 0 | K29: =IFERROR(E29/B29,"") | L29: 0.3 | M29: =L29-K29 -> 0.3 | N29: =IFERROR(H29/E29,"") | O29: 250 | P29: =N29-O29 -> -250
A30: 45925 | D30: =B30-C30 -> 0 | F30: =C30*30% -> 0 | G30: =E30-F30 -> 0 | I30: =F30*O30 -> 0 | J30: =H30-I30 -> 0 | K30: =IFERROR(E30/B30,"") | L30: 0.3 | M30: =L30-K30 -> 0.3 | N30: =IFERROR(H30/E30,"") | O30: 250 | P30: =N30-O30 -> -250
... A33: 45928 | D33: =B33-C33 -> 0 | F33: =C33*30% -> 0 | G33: =E33-F33 -> 0 | I33: =F33*O33 -> 0 | J33: =H33-I33 -> 0 | K33: =IFERROR(E33/B33,"") | L33: 0.3 | M33: =L33-K33 -> 0.3 | N33: =IFERROR(H33/E33,"") | O33: 250 | P33: =N33-O33 -> -250
A34: 45929 | B34: 33 | D34: =B34-C34 -> 33 | E34: 22 | F34: =C34*30% -> 0 | G34: =E34-F34 -> 22 | H34: 5450.42 | I34: =F34*O34 -> 0 | J34: =H34-I34 -> 5450.42 | K34: =IFERROR(E34/B34,"") -> 0.66666667 | L34: 0.3 | M34: =L34-K34 -> -0.36666667 | N34: =IFERROR(H34/E34,"") -> 247.74636 | O34: 250 | P34: =N34-O34 -> -2.2536364
A35: 45930 | B35: 24 | D35: =B35-C35 -> 24 | E35: 20 | F35: =C35*30% -> 0 | G35: =E35-F35 -> 20 | H35: 5065.53 | I35: =F35*O35 -> 0 | J35: =H35-I35 -> 5065.53 | K35: =IFERROR(E35/B35,"") -> 0.83333333 | L35: 0.3 | M35: =L35-K35 -> -0.53333333 | N35: =IFERROR(H35/E35,"") -> 253.2765 | O35: 250 | P35: =N35-O35 -> 3.2765
A36: João | B36: =SUM(B37:B66) -> 116 | C36: =SUM(C37:C66) -> 240 | D36: =SUM(D37:D66) -> -124 | E36: =SUM(E37:E66) -> 20 | F36: =SUM(F37:F66) -> 72 | G36: =SUM(G37:G66) -> -52 | H36: =SUM(H37:H66) -> 3203.13 | I36: =SUM(I37:I66) -> 18000 | J36: =SUM(J37:J66) -> -14796.87 | K36: =IFERROR(E36/B36,"") -> 0.17241379 | L36: 0.3 | M36: =L36-K36 -> 0.12758621 | N36: =H36/E36 -> 160.1565 | O36: 250 | P36: =N36-O36 -> -89.8435
A37: 45901 | B37: 0 | D37: =B37-C37 -> 0 | F37: =C37*30% -> 0 | G37: =E37-F37 -> 0 | H37: 0 | J37: =H37-I37 -> 0 | K37: =IFERROR(E37/B37,"") | L37: 0.3 | M37: =L37-K37 -> 0.3 | N37: =IFERROR(H37/E37,"") | O37: 250 | P37: =N37-O37 -> -250
A38: 45902 | B38: 0 | D38: =B38-C38 -> 0 | F38: =C38*30% -> 0 | G38: =E38-F38 -> 0 | H38: 0 | J38: =H38-I38 -> 0 | K38: =IFERROR(E38/B38,"") | L38: 0.3 | M38: =L38-K38 -> 0.3 | N38: =IFERROR(H38/E38,"") | O38: 250 | P38: =N38-O38 -> -250
A39: 45903 | B39: 0 | D39: =B39-C39 -> 0 | F39: =C39*30% -> 0 | G39: =E39-F39 -> 0 | H39: 0 | J39: =H39-I39 -> 0 | K39: =IFERROR(E39/B39,"") | L39: 0.3 | M39: =L39-K39 -> 0.3 | N39: =IFERROR(H39/E39,"") | O39: 250 | P39: =N39-O39 -> -250
A40: 45904 | B40: 0 | D40: =B40-C40 -> 0 | F40: =C40*30% -> 0 | G40: =E40-F40 -> 0 | H40: 0 | J40: =H40-I40 -> 0 | K40: =IFERROR(E40/B40,"") | L40: 0.3 | M40: =L40-K40 -> 0.3 | N40: =IFERROR(H40/E40,"") | O40: 250 | P40: =N40-O40 -> -250
A41: 45905 | B41: 0 | D41: =B41-C41 -> 0 | F41: =C41*30% -> 0 | G41: =E41-F41 -> 0 | H41: 0 | J41: =H41-I41 -> 0 | K41: =IFERROR(E41/B41,"") | L41: 0.3 | M41: =L41-K41 -> 0.3 | N41: =IFERROR(H41/E41,"") | O41: 250 | P41: =N41-O41 -> -250
A42: 45906 | B42: 0 | D42: =B42-C42 -> 0 | F42: =C42*30% -> 0 | G42: =E42-F42 -> 0 | H42: 0 | J42: =H42-I42 -> 0 | K42: =IFERROR(E42/B42,"") | L42: 0.3 | M42: =L42-K42 -> 0.3 | N42: =IFERROR(H42/E42,"") | O42: 250 | P42: =N42-O42 -> -250
A43: 45907 | B43: 0 | H43: 0 | K43: =IFERROR(E43/B43,"") | N43: =IFERROR(H43/E43,"") | P43: =N43-O43 -> 0
A44: 45908 | B44: 0 | D44: =B44-C44 -> 0 | F44: =C44*30% -> 0 | G44: =E44-F44 -> 0 | H44: 0 | J44: =H44-I44 -> 0 | K44: =IFERROR(E44/B44,"") | L44: 0.3 | M44: =L44-K44 -> 0.3 | N44: =IFERROR(H44/E44,"") | O44: 250 | P44: =N44-O44 -> -250
A45: 45909 | B45: 0 | D45: =B45-C45 -> 0 | F45: =C45*30% -> 0 | G45: =E45-F45 -> 0 | H45: 0 | J45: =H45-I45 -> 0 | K45: =IFERROR(E45/B45,"") | L45: 0.3 | M45: =L45-K45 -> 0.3 | N45: =IFERROR(H45/E45,"") | O45: 250 | P45: =N45-O45 -> -250
A46: 45910 | B46: 8 | C46: 80 | D46: =B46-C46 -> -72 | E46: 4 | F46: =C46*30% -> 24 | G46: =E46-F46 -> -20 | H46: 1054.9 | I46: =F46*O46 -> 6000 | J46: =H46-I46 -> -4945.1 | K46: =IFERROR(E46/B46,"") -> 0.5 | L46: 0.3 | M46: =L46-K46 -> -0.2 | N46: =IFERROR(H46/E46,"") -> 263.725 | O46: 250 | P46: =N46-O46 -> 13.725
A47: 45911 | B47: 17 | C47: 80 | D47: =B47-C47 -> -63 | E47: 8 | F47: =C47*30% -> 24 | G47: =E47-F47 -> -16 | H47: 1001.79 | I47: =F47*O47 -> 6000 | J47: =H47-I47 -> -4998.21 | K47: =IFERROR(E47/B47,"") -> 0.47058824 | L47: 0.3 | M47: =L47-K47 -> -0.17058824 | N47: =IFERROR(H47/E47,"") -> 125.22375 | O47: 250 | P47: =N47-O47 -> -124.77625
A48: 45912 | B48: 91 | C48: 80 | D48: =B48-C48 -> 11 | E48: 8 | F48: =C48*30% -> 24 | G48: =E48-F48 -> -16 | H48: 1146.44 | I48: =F48*O48 -> 6000 | J48: =H48-I48 -> -4853.56 | K48: =IFERROR(E48/B48,"") -> 0.087912088 | L48: 0.3 | M48: =L48-K48 -> 0.21208791 | N48: =IFERROR(H48/E48,"") -> 143.305 | O48: 250 | P48: =N48-O48 -> -106.695
A49: 45913 | D49: =B49-C49 -> 0 | F49: =C49*30% -> 0 | G49: =E49-F49 -> 0 | I49: =F49*O49 -> 0 | J49: =H49-I49 -> 0 | K49: =IFERROR(E49/B49,"") | L49: 0.3 | M49: =L49-K49 -> 0.3 | N49: =IFERROR(H49/E49,"") | O49: 250 | P49: =N49-O49 -> -250
A50: 45914 | D50: =B50-C50 -> 0 | F50: =C50*30% -> 0 | G50: =E50-F50 -> 0 | I50: =F50*O50 -> 0 | J50: =H50-I50 -> 0 | K50: =IFERROR(E50/B50,"") | L50: 0.3 | M50: =L50-K50 -> 0.3 | N50: =IFERROR(H50/E50,"") | O50: 250 | P50: =N50-O50 -> -250
A51: 45915 | D51: =B51-C51 -> 0 | F51: =C51*30% -> 0 | G51: =E51-F51 -> 0 | I51: =F51*O51 -> 0 | J51: =H51-I51 -> 0 | K51: =IFERROR(E51/B51,"") | L51: 0.3 | M51: =L51-K51 -> 0.3 | N51: =IFERROR(H51/E51,"") | O51: 250 | P51: =N51-O51 -> -250
A52: 45916 | D52: =B52-C52 -> 0 | F52: =C52*30% -> 0 | G52: =E52-F52 -> 0 | I52: =F52*O52 -> 0 | J52: =H52-I52 -> 0 | K52: =IFERROR(E52/B52,"") | L52: 0.3 | M52: =L52-K52 -> 0.3 | N52: =IFERROR(H52/E52,"") | O52: 250 | P52: =N52-O52 -> -250
A53: 45917 | D53: =B53-C53 -> 0 | F53: =C53*30% -> 0 | G53: =E53-F53 -> 0 | I53: =F53*O53 -> 0 | J53: =H53-I53 -> 0 | K53: =IFERROR(E53/B53,"") | L53: 0.3 | M53: =L53-K53 -> 0.3 | N53: =IFERROR(H53/E53,"") | O53: 250 | P53: =N53-O53 -> -250 | R53: Setembro
A54: 45918 | D54: =B54-C54 -> 0 | F54: =C54*30% -> 0 | G54: =E54-F54 -> 0 | I54: =F54*O54 -> 0 | J54: =H54-I54 -> 0 | K54: =IFERROR(E54/B54,"") | L54: 0.3 | M54: =L54-K54 -> 0.3 | N54: =IFERROR(H54/E54,"") | O54: 250 | P54: =N54-O54 -> -250 | R54: Meta | S54: 40000
A55: 45919 | D55: =B55-C55 -> 0 | F55: =C55*30% -> 0 | G55: =E55-F55 -> 0 | I55: =F55*O55 -> 0 | J55: =H55-I55 -> 0 | K55: =IFERROR(E55/B55,"") | L55: 0.3 | M55: =L55-K55 -> 0.3 | N55: =IFERROR(H55/E55,"") | O55: 250 | P55: =N55-O55 -> -250 | R55: Meta x Dia | S55: =S54/30 -> 1333.3333
A56: 45920 | D56: =B56-C56 -> 0 | F56: =C56*30% -> 0 | G56: =E56-F56 -> 0 | I56: =F56*O56 -> 0 | J56: =H56-I56 -> 0 | K56: =IFERROR(E56/B56,"") | L56: 0.3 | M56: =L56-K56 -> 0.3 | N56: =IFERROR(H56/E56,"") | O56: 250 | P56: =N56-O56 -> -250 | R56: Meta x Dia Útil | S56: =S54/22 -> 1818.1818
A57: 45921 | D57: =B57-C57 -> 0 | F57: =C57*30% -> 0 | G57: =E57-F57 -> 0 | I57: =F57*O57 -> 0 | J57: =H57-I57 -> 0 | K57: =IFERROR(E57/B57,"") | L57: 0.3 | M57: =L57-K57 -> 0.3 | N57: =IFERROR(H57/E57,"") | O57: 250 | P57: =N57-O57 -> -250 | R57: Realizado | S57: =H36 -> 3203.13
A58: 45922 | D58: =B58-C58 -> 0 | F58: =C58*30% -> 0 | G58: =E58-F58 -> 0 | I58: =F58*O58 -> 0 | J58: =H58-I58 -> 0 | K58: =IFERROR(E58/B58,"") | L58: 0.3 | M58: =L58-K58 -> 0.3 | N58: =IFERROR(H58/E58,"") | O58: 250 | P58: =N58-O58 -> -250 | R58: % da Meta | S58: =S57/S54 -> 0.08007825
A59: 45923 | D59: =B59-C59 -> 0 | F59: =C59*30% -> 0 | G59: =E59-F59 -> 0 | I59: =F59*O59 -> 0 | J59: =H59-I59 -> 0 | K59: =IFERROR(E59/B59,"") | L59: 0.3 | M59: =L59-K59 -> 0.3 | N59: =IFERROR(H59/E59,"") | O59: 250 | P59: =N59-O59 -> -250 | R59: Dias Útil Restante | S59: 12
A60: 45924 | D60: =B60-C60 -> 0 | F60: =C60*30% -> 0 | G60: =E60-F60 -> 0 | I60: =F60*O60 -> 0 | J60: =H60-I60 -> 0 | K60: =IFERROR(E60/B60,"") | L60: 0.3 | M60: =L60-K60 -> 0.3 | N60: =IFERROR(H60/E60,"") | O60: 250 | P60: =N60-O60 -> -250 | R60: Meta dia Acumulado | S60: =(S54-S57)/S59 -> 3066.4058
A61: 45925 | D61: =B61-C61 -> 0 | F61: =C61*30% -> 0 | G61: =E61-F61 -> 0 | I61: =F61*O61 -> 0 | J61: =H61-I61 -> 0 | K61: =IFERROR(E61/B61,"") | L61: 0.3 | M61: =L61-K61 -> 0.3 | N61: =IFERROR(H61/E61,"") | O61: 250 | P61: =N61-O61 -> -250 | R61: Ticket Médio | S61: =N36 -> 160.1565
A62: 45926 | D62: =B62-C62 -> 0 | F62: =C62*30% -> 0 | G62: =E62-F62 -> 0 | I62: =F62*O62 -> 0 | J62: =H62-I62 -> 0 | K62: =IFERROR(E62/B62,"") | L62: 0.3 | M62: =L62-K62 -> 0.3 | N62: =IFERROR(H62/E62,"") | O62: 250 | P62: =N62-O62 -> -250 | R62: Nº Leads | S62: =B36 -> 116
A63: 45927 | D63: =B63-C63 -> 0 | F63: =C63*30% -> 0 | G63: =E63-F63 -> 0 | I63: =F63*O63 -> 0 | J63: =H63-I63 -> 0 | K63: =IFERROR(E63/B63,"") | L63: 0.3 | M63: =L63-K63 -> 0.3 | N63: =IFERROR(H63/E63,"") | O63: 250 | P63: =N63-O63 -> -250 | R63: Nº Vendas | S63: =E36 -> 20
A64: 45928 | D64: =B64-C64 -> 0 | F64: =C64*30% -> 0 | G64: =E64-F64 -> 0 | I64: =F64*O64 -> 0 | J64: =H64-I64 -> 0 | K64: =IFERROR(E64/B64,"") | L64: 0.3 | M64: =L64-K64 -> 0.3 | N64: =IFERROR(H64/E64,"") | O64: 250 | P64: =N64-O64 -> -250 | R64: Taxa Conversão | S64: =E36/B36 -> 0.17241379
A65: 45929 | D65: =B65-C65 -> 0 | F65: =C65*30% -> 0 | G65: =E65-F65 -> 0 | I65: =F65*O65 -> 0 | J65: =H65-I65 -> 0 | K65: =IFERROR(E65/B65,"") | L65: 0.3 | M65: =L65-K65 -> 0.3 | N65: =IFERROR(H65/E65,"") | O65: 250 | P65: =N65-O65 -> -250
A66: 45930 | D66: =B66-C66 -> 0 | F66: =C66*30% -> 0 | G66: =E66-F66 -> 0 | I66: =F66*O66 -> 0 | J66: =H66-I66 -> 0 | K66: =IFERROR(E66/B66,"") | L66: 0.3 | M66: =L66-K66 -> 0.3 | N66: =IFERROR(H66/E66,"") | O66: 250 | P66: =N66-O66 -> -250
A67: Gustavo | B67: =SUM(B68:B97) -> 506 | C67: =SUM(C68:C97) -> 3000 | D67: =SUM(D68:D97) -> -2394 | E67: =SUM(E68:E97) -> 247 | F67: =SUM(F68:F97) -> 600 | G67: =SUM(G68:G97) -> -333 | H67: =SUM(H68:H97) -> 67646.63 | I67: =SUM(I68:I97) -> 150000 | J67: =SUM(J68:J97) -> -77353.37 | K67: =IFERROR(E67/B67,"") -> 0.48814229 | L67: 0.3 | M67: =L67-K67 -> -0.18814229 | N67: =IFERROR(H67/E67,"") -> 273.873 | O67: =O68 -> 250 | P67: =N67-O67 -> 23.872996
A68: 45901 | B68: 30 | C68: 100 | D68: =B68-C68 -> -70 | E68: 22 | F68: =C68*20% -> 20 | G68: =E68-F68 -> 2 | H68: 6301.87 | I68: =F68*O68 -> 5000 | J68: =H68-I68 -> 1301.87 | K68: =IFERROR(E68/B68,"") -> 0.73333333 | L68: 0.3 | M68: =L68-K68 -> -0.43333333 | N68: =IFERROR(H68/E68,"") -> 286.44864 | O68: 250 | P68: =N68-O68 -> 36.448636 | R68: Setembro
A69: 45902 | B69: 34 | C69: 100 | D69: =B69-C69 -> -66 | E69: 14 | F69: =C69*20% -> 20 | G69: =E69-F69 -> -6 | H69: 6724.8 | I69: =F69*O69 -> 5000 | J69: =H69-I69 -> 1724.8 | K69: =IFERROR(E69/B69,"") -> 0.41176471 | L69: 0.3 | M69: =L69-K69 -> -0.11176471 | N69: =IFERROR(H69/E69,"") -> 480.34286 | O69: 250 | P69: =N69-O69 -> 230.34286 | R69: Meta | S69: 130000
A70: 45903 | B70: 34 | C70: 100 | D70: =B70-C70 -> -66 | E70: 22 | F70: =C70*20% -> 20 | G70: =E70-F70 -> 2 | H70: 5361.1 | I70: =F70*O70 -> 5000 | J70: =H70-I70 -> 361.1 | K70: =IFERROR(E70/B70,"") -> 0.64705882 | L70: 0.3 | M70: =L70-K70 -> -0.34705882 | N70: =IFERROR(H70/E70,"") -> 243.68636 | O70: 250 | P70: =N70-O70 -> -6.3136364 | R70: Meta x Dia | S70: =S69/30 -> 4333.3333
A71: 45904 | B71: 21 | C71: 100 | D71: =B71-C71 -> -79 | E71: 14 | F71: =C71*20% -> 20 | G71: =E71-F71 -> -6 | H71: 2588.45 | I71: =F71*O71 -> 5000 | J71: =H71-I71 -> -2411.55 | K71: =IFERROR(E71/B71,"") -> 0.66666667 | L71: 0.3 | M71: =L71-K71 -> -0.36666667 | N71: =IFERROR(H71/E71,"") -> 184.88929 | O71: 250 | P71: =N71-O71 -> -65.110714 | R71: Meta x Dia Útil | S71: =S69/22 -> 5909.0909
A72: 45905 | B72: 78 | C72: 100 | D72: =B72-C72 -> -22 | E72: 21 | F72: =C72*20% -> 20 | G72: =E72-F72 -> 1 | H72: 5506.52 | I72: =F72*O72 -> 5000 | J72: =H72-I72 -> 506.52 | K72: =IFERROR(E72/B72,"") -> 0.26923077 | L72: 0.3 | M72: =L72-K72 -> 0.030769231 | N72: =IFERROR(H72/E72,"") -> 262.21524 | O72: 250 | P72: =N72-O72 -> 12.215238 | R72: Realizado | S72: =H67 -> 67646.63
A73: 45906 | B73: 60 | C73: 100 | D73: =B73-C73 -> -40 | E73: 4 | F73: =C73*20% -> 20 | G73: =E73-F73 -> -16 | H73: 2943 | I73: =F73*O73 -> 5000 | J73: =H73-I73 -> -2057 | K73: =IFERROR(E73/B73,"") -> 0.066666667 | L73: 0.3 | M73: =L73-K73 -> 0.23333333 | N73: =IFERROR(H73/E73,"") -> 735.75 | O73: 250 | P73: =N73-O73 -> 485.75 | R73: % da Meta | S73: =S72/S69 -> 0.52035869
A74: 45907 | C74: 100 | F74: =C74*20% -> 20 | I74: =F74*O74 -> 5000 | K74: =IFERROR(E74/B74,"") | N74: =IFERROR(H74/E74,"") | O74: 250 | P74: =N74-O74 -> -250 | R74: Dias Útil Restante | S74: 12
A75: 45908 | B75: 74 | C75: 100 | D75: =B75-C75 -> -26 | E75: 31 | F75: =C75*20% -> 20 | G75: =E75-F75 -> 11 | H75: 7152.47 | I75: =F75*O75 -> 5000 | J75: =H75-I75 -> 2152.47 | K75: =IFERROR(E75/B75,"") -> 0.41891892 | L75: 0.3 | M75: =L75-K75 -> -0.11891892 | N75: =IFERROR(H75/E75,"") -> 230.72484 | O75: 250 | P75: =N75-O75 -> -19.275161 | R75: Meta dia Acumulado | S75: =(S69-S72)/S74 -> 5196.1142
A76: 45909 | B76: 24 | C76: 100 | D76: =B76-C76 -> -76 | E76: 23 | F76: =C76*20% -> 20 | G76: =E76-F76 -> 3 | H76: 6463.67 | I76: =F76*O76 -> 5000 | J76: =H76-I76 -> 1463.67 | K76: =IFERROR(E76/B76,"") -> 0.95833333 | L76: 0.3 | M76: =L76-K76 -> -0.65833333 | N76: =IFERROR(H76/E76,"") -> 281.02913 | O76: 250 | P76: =N76-O76 -> 31.02913 | R76: Ticket Médio | S76: =N67 -> 273.873
A77: 45910 | B77: 19 | C77: 100 | D77: =B77-C77 -> -81 | E77: 16 | F77: =C77*20% -> 20 | G77: =E77-F77 -> -4 | H77: 5537.56 | I77: =F77*O77 -> 5000 | J77: =H77-I77 -> 537.56 | K77: =IFERROR(E77/B77,"") -> 0.84210526 | L77: 0.3 | M77: =L77-K77 -> -0.54210526 | N77: =IFERROR(H77/E77,"") -> 346.0975 | O77: 250 | P77: =N77-O77 -> 96.0975 | R77: Nº Leads | S77: =B67 -> 506
A78: 45911 | B78: 36 | C78: 100 | D78: =B78-C78 -> -64 | E78: 19 | F78: =C78*20% -> 20 | G78: =E78-F78 -> -1 | H78: 4379.13 | I78: =F78*O78 -> 5000 | J78: =H78-I78 -> -620.87 | K78: =IFERROR(E78/B78,"") -> 0.52777778 | L78: 0.3 | M78: =L78-K78 -> -0.22777778 | N78: =IFERROR(H78/E78,"") -> 230.48053 | O78: 250 | P78: =N78-O78 -> -19.519474 | R78: Nº Vendas | S78: =E67 -> 247
A79: 45912 | B79: 21 | C79: 100 | D79: =B79-C79 -> -79 | E79: 19 | F79: =C79*20% -> 20 | G79: =E79-F79 -> -1 | H79: 5826.52 | I79: =F79*O79 -> 5000 | J79: =H79-I79 -> 826.52 | K79: =IFERROR(E79/B79,"") -> 0.9047619 | L79: 0.3 | M79: =L79-K79 -> -0.6047619 | N79: =IFERROR(H79/E79,"") -> 306.65895 | O79: 250 | P79: =N79-O79 -> 56.658947 | R79: Taxa Conversão | S79: =E67/B67 -> 0.48814229
A80: 45913 | B80: 1 | C80: 100 | D80: =B80-C80 -> -99 | F80: =C80*20% -> 20 | G80: =E80-F80 -> -20 | I80: =F80*O80 -> 5000 | J80: =H80-I80 -> -5000 | K80: =IFERROR(E80/B80,"") -> 0 | L80: 0.3 | M80: =L80-K80 -> 0.3 | N80: =IFERROR(H80/E80,"") | O80: 250 | P80: =N80-O80 -> -250
A81: 45914 | C81: 100 | D81: =B81-C81 -> -100 | F81: =C81*20% -> 20 | G81: =E81-F81 -> -20 | I81: =F81*O81 -> 5000 | J81: =H81-I81 -> -5000 | K81: =IFERROR(E81/B81,"") | L81: 0.3 | M81: =L81-K81 -> 0.3 | N81: =IFERROR(H81/E81,"") | O81: 250 | P81: =N81-O81 -> -250
A82: 45915 | C82: 100 | D82: =B82-C82 -> -100 | F82: =C82*20% -> 20 | G82: =E82-F82 -> -20 | I82: =F82*O82 -> 5000 | J82: =H82-I82 -> -5000 | K82: =IFERROR(E82/B82,"") | L82: 0.3 | M82: =L82-K82 -> 0.3 | N82: =IFERROR(H82/E82,"") | O82: 250 | P82: =N82-O82 -> -250
A83: 45916 | C83: 100 | D83: =B83-C83 -> -100 | F83: =C83*20% -> 20 | G83: =E83-F83 -> -20 | I83: =F83*O83 -> 5000 | J83: =H83-I83 -> -5000 | K83: =IFERROR(E83/B83,"") | L83: 0.3 | M83: =L83-K83 -> 0.3 | N83: =IFERROR(H83/E83,"") | O83: 250 | P83: =N83-O83 -> -250
A84: 45917 | C84: 100 | D84: =B84-C84 -> -100 | F84: =C84*20% -> 20 | G84: =E84-F84 -> -20 | I84: =F84*O84 -> 5000 | J84: =H84-I84 -> -5000 | K84: =IFERROR(E84/B84,"") | L84: 0.3 | M84: =L84-K84 -> 0.3 | N84: =IFERROR(H84/E84,"") | O84: 250 | P84: =N84-O84 -> -250
A85: 45918 | C85: 100 | D85: =B85-C85 -> -100 | F85: =C85*20% -> 20 | G85: =E85-F85 -> -20 | I85: =F85*O85 -> 5000 | J85: =H85-I85 -> -5000 | K85: =IFERROR(E85/B85,"") | L85: 0.3 | M85: =L85-K85 -> 0.3 | N85: =IFERROR(H85/E85,"") | O85: 250 | P85: =N85-O85 -> -250
A86: 45919 | C86: 100 | D86: =B86-C86 -> -100 | F86: =C86*20% -> 20 | G86: =E86-F86 -> -20 | I86: =F86*O86 -> 5000 | J86: =H86-I86 -> -5000 | K86: =IFERROR(E86/B86,"") | L86: 0.3 | M86: =L86-K86 -> 0.3 | N86: =IFERROR(H86/E86,"") | O86: 250 | P86: =N86-O86 -> -250
A87: 45920 | C87: 100 | D87: =B87-C87 -> -100 | F87: =C87*20% -> 20 | G87: =E87-F87 -> -20 | I87: =F87*O87 -> 5000 | J87: =H87-I87 -> -5000 | K87: =IFERROR(E87/B87,"") | L87: 0.3 | M87: =L87-K87 -> 0.3 | N87: =IFERROR(H87/E87,"") | O87: 250 | P87: =N87-O87 -> -250
A88: 45921 | C88: 100 | D88: =B88-C88 -> -100 | F88: =C88*20% -> 20 | G88: =E88-F88 -> -20 | I88: =F88*O88 -> 5000 | J88: =H88-I88 -> -5000 | K88: =IFERROR(E88/B88,"") | L88: 0.3 | M88: =L88-K88 -> 0.3 | N88: =IFERROR(H88/E88,"") | O88: 250 | P88: =N88-O88 -> -250
A89: 45922 | C89: 100 | D89: =B89-C89 -> -100 | F89: =C89*20% -> 20 | G89: =E89-F89 -> -20 | I89: =F89*O89 -> 5000 | J89: =H89-I89 -> -5000 | K89: =IFERROR(E89/B89,"") | L89: 0.3 | M89: =L89-K89 -> 0.3 | N89: =IFERROR(H89/E89,"") | O89: 250 | P89: =N89-O89 -> -250
A90: 45923 | C90: 100 | D90: =B90-C90 -> -100 | F90: =C90*20% -> 20 | G90: =E90-F90 -> -20 | I90: =F90*O90 -> 5000 | J90: =H90-I90 -> -5000 | K90: =IFERROR(E90/B90,"") | L90: 0.3 | M90: =L90-K90 -> 0.3 | N90: =IFERROR(H90/E90,"") | O90: 250 | P90: =N90-O90 -> -250
A91: 45924 | C91: 100 | D91: =B91-C91 -> -100 | F91: =C91*20% -> 20 | G91: =E91-F91 -> -20 | I91: =F91*O91 -> 5000 | J91: =H91-I91 -> -5000 | K91: =IFERROR(E91/B91,"") | L91: 0.3 | M91: =L91-K91 -> 0.3 | N91: =IFERROR(H91/E91,"") | O91: 250 | P91: =N91-O91 -> -250
A92: 45925 | C92: 100 | D92: =B92-C92 -> -100 | F92: =C92*20% -> 20 | G92: =E92-F92 -> -20 | I92: =F92*O92 -> 5000 | J92: =H92-I92 -> -5000 | K92: =IFERROR(E92/B92,"") | L92: 0.3 | M92: =L92-K92 -> 0.3 | N92: =IFERROR(H92/E92,"") | O92: 250 | P92: =N92-O92 -> -250
... A95: 45928 | C95: 100 | D95: =B95-C95 -> -100 | F95: =C95*20% -> 20 | G95: =E95-F95 -> -20 | I95: =F95*O95 -> 5000 | J95: =H95-I95 -> -5000 | K95: =IFERROR(E95/B95,"") | L95: 0.3 | M95: =L95-K95 -> 0.3 | N95: =IFERROR(H95/E95,"") | O95: 250 | P95: =N95-O95 -> -250
A96: 45929 | B96: 39 | C96: 100 | D96: =B96-C96 -> -61 | E96: 25 | F96: =C96*20% -> 20 | G96: =E96-F96 -> 5 | H96: 5514.73 | I96: =F96*O96 -> 5000 | J96: =H96-I96 -> 514.73 | K96: =IFERROR(E96/B96,"") -> 0.64102564 | L96: 0.3 | M96: =L96-K96 -> -0.34102564 | N96: =IFERROR(H96/E96,"") -> 220.5892 | O96: 250 | P96: =N96-O96 -> -29.4108
A97: 45930 | B97: 35 | C97: 100 | D97: =B97-C97 -> -65 | E97: 17 | F97: =C97*20% -> 20 | G97: =E97-F97 -> -3 | H97: 3346.81 | I97: =F97*O97 -> 5000 | J97: =H97-I97 -> -1653.19 | K97: =IFERROR(E97/B97,"") -> 0.48571429 | L97: 0.3 | M97: =L97-K97 -> -0.18571429 | N97: =IFERROR(H97/E97,"") -> 196.87118 | O97: 250 | P97: =N97-O97 -> -53.128824
A98: Rosana | B98: =SUM(B99:B128) -> 0 | C98: =SUM(C99:C128) -> 240 | D98: =SUM(D99:D128) -> -220 | E98: =SUM(E99:E128) -> 151 | F98: =SUM(F99:F128) -> 66 | G98: =SUM(G99:G128) -> 85 | H98: =SUM(H99:H128) -> 29871.99 | I98: =SUM(I99:I128) -> 9900 | J98: =SUM(J99:J128) -> 19971.99 | K98: =IFERROR(E98/B98,"") | L98: 0.3 | M98: =L98-K98 -> 0.3 | N98: =IFERROR(H98/E98,"") -> 197.82775 | O98: 250 | P98: =N98-O98 -> -52.172252
A99: 45901 | C99: 20 | D99: =B99-C99 -> -20 | F99: =C99*30% -> 6 | G99: =E99-F99 -> -6 | I99: =F99*O99 -> 900 | J99: =H99-I99 -> -900 | K99: =IFERROR(E99/B99,"") | L99: 0.3 | M99: =L99-K99 -> 0.3 | N99: =IFERROR(H99/E99,"") | O99: 150 | P99: =N99-O99 -> -150 | R99: Setembro
A100: 45902 | C100: 20 | D100: =B100-C100 -> -20 | F100: =C100*30% -> 6 | G100: =E100-F100 -> -6 | I100: =F100*O100 -> 900 | J100: =H100-I100 -> -900 | K100: =IFERROR(E100/B100,"") | L100: 0.3 | M100: =L100-K100 -> 0.3 | N100: =IFERROR(H100/E100,"") | O100: 150 | P100: =N100-O100 -> -150 | R100: Meta | S100: 16500
A101: 45903 | C101: 20 | D101: =B101-C101 -> -20 | F101: =C101*30% -> 6 | G101: =E101-F101 -> -6 | I101: =F101*O101 -> 900 | J101: =H101-I101 -> -900 | K101: =IFERROR(E101/B101,"") | L101: 0.3 | M101: =L101-K101 -> 0.3 | N101: =IFERROR(H101/E101,"") | O101: 150 | P101: =N101-O101 -> -150 | R101: Meta x Dia | S101: =S100/30 -> 550
A102: 45904 | C102: 20 | D102: =B102-C102 -> -20 | F102: =C102*30% -> 6 | G102: =E102-F102 -> -6 | I102: =F102*O102 -> 900 | J102: =H102-I102 -> -900 | K102: =IFERROR(E102/B102,"") | L102: 0.3 | M102: =L102-K102 -> 0.3 | N102: =IFERROR(H102/E102,"") | O102: 150 | P102: =N102-O102 -> -150 | R102: Meta x Dia Útil | S102: =S100/22 -> 750
A103: 45905 | C103: 20 | D103: =B103-C103 -> -20 | F103: =C103*30% -> 6 | G103: =E103-F103 -> -6 | I103: =F103*O103 -> 900 | J103: =H103-I103 -> -900 | K103: =IFERROR(E103/B103,"") | L103: 0.3 | M103: =L103-K103 -> 0.3 | N103: =IFERROR(H103/E103,"") | O103: 150 | P103: =N103-O103 -> -150 | R103: Realizado | S103: =H98 -> 29871.99
A104: 45906 | C104: 20 | D104: =B104-C104 -> -20 | F104: =C104*30% -> 6 | G104: =E104-F104 -> -6 | I104: =F104*O104 -> 900 | J104: =H104-I104 -> -900 | K104: =IFERROR(E104/B104,"") | L104: 0.3 | M104: =L104-K104 -> 0.3 | N104: =IFERROR(H104/E104,"") | O104: 150 | P104: =N104-O104 -> -150 | R104: % da Meta | S104: =S103/S100 -> 1.8104236
A105: 45907 | C105: 20 | I105: =F105*O105 -> 0 | K105: =IFERROR(E105/B105,"") | N105: =IFERROR(H105/E105,"") | O105: 150 | P105: =N105-O105 -> -150 | R105: Dias Útil Restante | S105: 12
...

Sheet Compra - 10 
A1: Indicadores | B1: Leads | E1: Nº Vendas | H1: Faturamento | K1: Taxa Conversão | N1: Ticket Médio
A2: Data | B2: Realizado | C2: Meta | D2: Gap | E2: Realizado 2 | F2: Meta 2 | G2: Gap 2 | H2: Realizado 3 | I2: Meta 3 | J2: Gap 3 | K2: Realizado 4 | L2: Meta 4 | M2: Gap 4 | N2: Realizado 5 | O2: Meta 5 | P2: Gap 5
A3: 2025
A4: Outubro | B4: =B5+B37+B69 -> 2829 | C4: =C5+C37+C69 -> 1910 | D4: =D5+D37 -> 827 | E4: =E5+E37 -> 389 | F4: =F5+F37 -> 501 | G4: =G5+G37 -> -160 | H4: =H5+H37+H69 -> 127959.56 | I4: =I5+I37 -> 200000 | J4: =J5+J37 -> -122178.67 | K4: =K5+K37 -> 0.53105263 | L4: =L5+L37 -> 0.6 | M4: =K4-L4 -> -0.068947368 | N4: =N5+N37 -> 321.3162 | O4: =O5+O37 -> 500 | P4: =P5+P37 -> -178.6838
A5: Thalia | B5: =SUM(B6:B35) -> 2034 | C5: 1430 | D5: =SUM(D6:D35) -> 687 | E5: =SUM(E6:E35) -> 267 | F5: =C5*30% -> 429 | G5: =SUM(G6:G35) -> -123 | H5: =SUM(H6:H36) -> 72010.11 | I5: 120000 | J5: =SUM(J6:J36) -> -47989.86 | K5: 0.21 | L5: 0.3 | M5: =K5-L5 -> -0.09 | N5: =IFERROR(H5/E5,"") -> 269.70079 | O5: 250 | P5: =N5-O5 -> 19.700787 | R5: THALIA
A6: 45931 | B6: 70 | C6: 80 | D6: =B6-C6 -> -10 | E6: 12 | F6: 18 | G6: =E6-F6 -> -6 | H6: 2186.29 | I6: 5217.39 | J6: =H6-I6 -> -3031.1 | K6: =IFERROR(E6/B6,"") -> 0.17142857 | L6: 0.3 | M6: =L6-K6 -> 0.12857143 | N6: =IFERROR(H6/E6,"") -> 182.19083 | O6: 250 | P6: =N6-O6 -> -67.809167 | R6: Outubro
A7: 45932 | B7: 100 | C7: 80 | D7: =B7-C7 -> 20 | E7: 12 | F7: 18 | G7: =E7-F7 -> -6 | H7: 3749.01 | I7: 5217.39 | J7: =H7-I7 -> -1468.38 | K7: =IFERROR(E7/B7,"") -> 0.12 | L7: 0.3 | M7: =L7-K7 -> 0.18 | N7: =IFERROR(H7/E7,"") -> 312.4175 | O7: 250 | P7: =N7-O7 -> 62.4175 | R7: Meta | S7: 120000
A8: 45933 | B8: 102 | C8: 80 | D8: =B8-C8 -> 22 | E8: 4 | F8: 18 | G8: =E8-F8 -> -14 | H8: 1126.84 | I8: 5217.39 | J8: =H8-I8 -> -4090.55 | K8: =IFERROR(E8/B8,"") -> 0.039215686 | L8: 0.3 | M8: =L8-K8 -> 0.26078431 | N8: =IFERROR(H8/E8,"") -> 281.71 | O8: 250 | P8: =N8-O8 -> 31.71 | R8: Meta x Dia | S8: =S7/30 -> 4000
A9: 45934 | B9: 87 | C9: 80 | D9: =B9-C9 -> 7 | E9: 4 | G9: =E9-F9 -> 4 | H9: 285.98 | J9: =H9-I9 -> 285.98 | K9: =IFERROR(E9/B9,"") -> 0.045977011 | L9: 0.3 | M9: =L9-K9 -> 0.25402299 | N9: =IFERROR(H9/E9,"") -> 71.495 | O9: 250 | P9: =N9-O9 -> -178.505 | R9: Meta x Dia Útil | S9: =S7/23 -> 5217.3913
A10: 45935 | B10: 67 | C10: 80 | D10: =B10-C10 -> -13 | E10: 0 | G10: =E10-F10 -> 0 | H10: 0 | J10: =H10-I10 -> 0 | K10: =IFERROR(E10/B10,"") -> 0 | L10: 0.3 | M10: =L10-K10 -> 0.3 | N10: =IFERROR(H10/E10,"") | O10: 250 | P10: =N10-O10 -> -250 | R10: Realizado | S10: =H5 -> 72010.11
A11: 45936 | B11: 57 | C11: 80 | D11: =B11-C11 -> -23 | E11: 10 | F11: 18 | G11: =E11-F11 -> -8 | H11: 2258.83 | I11: 5217.39 | J11: =H11-I11 -> -2958.56 | K11: =IFERROR(E11/B11,"") -> 0.1754386 | L11: 0.3 | M11: =L11-K11 -> 0.1245614 | N11: =IFERROR(H11/E11,"") -> 225.883 | O11: 250 | P11: =N11-O11 -> -24.117 | R11: % da Meta | S11: =S10/S7 -> 0.60008425
A12: 45937 | B12: 67 | E12: 12 | F12: 18 | H12: 2115.93 | I12: 5217.39 | J12: =H12-I12 -> -3101.46 | K12: =IFERROR(E12/B12,"") -> 0.17910448 | N12: =IFERROR(H12/E12,"") -> 176.3275 | P12: =N12-O12 -> 176.3275 | R12: Dias Útil Restante | S12: 1
A13: 45938 | B13: 50 | C13: 80 | D13: =B13-C13 -> -30 | E13: 11 | F13: 18 | G13: =E13-F13 -> -7 | H13: 1949.85 | I13: 5217.39 | J13: =H13-I13 -> -3267.54 | K13: =IFERROR(E13/B13,"") -> 0.22 | L13: 0.3 | M13: =L13-K13 -> 0.08 | N13: =IFERROR(H13/E13,"") -> 177.25909 | O13: 250 | P13: =N13-O13 -> -72.740909 | R13: Meta dia Acumulado | S13: =(S7-S10)/S12 -> 47989.89
A14: 45939 | B14: 77 | C14: 80 | D14: =B14-C14 -> -3 | E14: 14 | F14: 18 | G14: =E14-F14 -> -4 | H14: 3048.7 | I14: 5217.39 | J14: =H14-I14 -> -2168.69 | K14: =IFERROR(E14/B14,"") -> 0.18181818 | L14: 0.3 | M14: =L14-K14 -> 0.11818182 | N14: =IFERROR(H14/E14,"") -> 217.76429 | O14: 250 | P14: =N14-O14 -> -32.235714 | R14: Ticket Médio | S14: =N5 -> 269.70079
A15: 45940 | B15: 81 | C15: 80 | D15: =B15-C15 -> 1 | E15: 14 | F15: 18 | G15: =E15-F15 -> -4 | H15: 2989.09 | I15: 5217.39 | J15: =H15-I15 -> -2228.3 | K15: =IFERROR(E15/B15,"") -> 0.17283951 | L15: 0.3 | M15: =L15-K15 -> 0.12716049 | N15: =IFERROR(H15/E15,"") -> 213.50643 | O15: 250 | P15: =N15-O15 -> -36.493571 | R15: Nº Leads | S15: =B5 -> 2034
A16: 45941 | B16: 33 | C16: 80 | D16: =B16-C16 -> -47 | E16: 5 | G16: =E16-F16 -> 5 | H16: 1062.03 | J16: =H16-I16 -> 1062.03 | K16: =IFERROR(E16/B16,"") -> 0.15151515 | L16: 0.3 | M16: =L16-K16 -> 0.14848485 | N16: =IFERROR(H16/E16,"") -> 212.406 | O16: 250 | P16: =N16-O16 -> -37.594 | R16: Nº Vendas | S16: =E5 -> 267
A17: 45942 | B17: 0 | C17: 80 | D17: =B17-C17 -> -80 | E17: 0 | G17: =E17-F17 -> 0 | H17: 0 | J17: =H17-I17 -> 0 | K17: =IFERROR(E17/B17,"") | L17: 0.3 | M17: =L17-K17 -> 0.3 | N17: =IFERROR(H17/E17,"") | O17: 250 | P17: =N17-O17 -> -250 | R17: Taxa Conversão | S17: =E5/B5 -> 0.13126844
A18: 45943 | B18: 59 | D18: =B18-C18 -> 59 | E18: 7 | F18: 18 | G18: =E18-F18 -> -11 | H18: 2020.81 | I18: 5217.39 | J18: =H18-I18 -> -3196.58 | K18: =IFERROR(E18/B18,"") -> 0.11864407 | L18: 0.3 | M18: =L18-K18 -> 0.18135593 | N18: =IFERROR(H18/E18,"") -> 288.68714 | O18: 250 | P18: =N18-O18 -> 38.687143
A19: 45944 | B19: 79 | D19: =B19-C19 -> 79 | E19: 13 | F19: 18 | G19: =E19-F19 -> -5 | H19: 2064.68 | I19: 5217.39 | J19: =H19-I19 -> -3152.71 | K19: =IFERROR(E19/B19,"") -> 0.16455696 | L19: 0.3 | M19: =L19-K19 -> 0.13544304 | N19: =IFERROR(H19/E19,"") -> 158.82154 | O19: 250 | P19: =N19-O19 -> -91.178462
A20: 45945 | B20: 70 | C20: 80 | D20: =B20-C20 -> -10 | E20: 17 | F20: 18 | G20: =E20-F20 -> -1 | H20: 5674 | I20: 5217.39 | J20: =H20-I20 -> 456.61 | K20: =IFERROR(E20/B20,"") -> 0.24285714 | L20: 0.3 | M20: =L20-K20 -> 0.057142857 | N20: =IFERROR(H20/E20,"") -> 333.76471 | O20: 250 | P20: =N20-O20 -> 83.764706 | S20: 21% qualif
A21: 45946 | B21: 56 | C21: 80 | D21: =B21-C21 -> -24 | E21: 14 | F21: 18 | G21: =E21-F21 -> -4 | H21: 4048.2 | I21: 5217.39 | J21: =H21-I21 -> -1169.19 | K21: =IFERROR(E21/B21,"") -> 0.25 | L21: 0.3 | M21: =L21-K21 -> 0.05 | N21: =IFERROR(H21/E21,"") -> 289.15714 | O21: 250 | P21: =N21-O21 -> 39.157143
A22: 45947 | B22: 85 | C22: 80 | D22: =B22-C22 -> 5 | E22: 8 | F22: 18 | G22: =E22-F22 -> -10 | H22: 1828.9 | I22: 5217.39 | J22: =H22-I22 -> -3388.49 | K22: =IFERROR(E22/B22,"") -> 0.094117647 | L22: 0.3 | M22: =L22-K22 -> 0.20588235 | N22: =IFERROR(H22/E22,"") -> 228.6125 | O22: 250 | P22: =N22-O22 -> -21.3875
A23: 45948 | B23: 26 | C23: 80 | D23: =B23-C23 -> -54 | E23: 4 | G23: =E23-F23 -> 4 | H23: 505.25 | J23: =H23-I23 -> 505.25 | K23: =IFERROR(E23/B23,"") -> 0.15384615 | L23: 0.3 | M23: =L23-K23 -> 0.14615385 | N23: =IFERROR(H23/E23,"") -> 126.3125 | O23: 250 | P23: =N23-O23 -> -123.6875
A24: 45949 | B24: 0 | C24: 80 | D24: =B24-C24 -> -80 | E24: 0 | G24: =E24-F24 -> 0 | H24: 0 | J24: =H24-I24 -> 0 | K24: =IFERROR(E24/B24,"") | L24: 0.3 | M24: =L24-K24 -> 0.3 | N24: =IFERROR(H24/E24,"") | O24: 250 | P24: =N24-O24 -> -250
A25: 45950 | B25: 96 | D25: =B25-C25 -> 96 | E25: 11 | F25: 18 | G25: =E25-F25 -> -7 | H25: 3479.99 | I25: 5217.39 | J25: =H25-I25 -> -1737.4 | K25: =IFERROR(E25/B25,"") -> 0.11458333 | L25: 0.3 | M25: =L25-K25 -> 0.18541667 | N25: =IFERROR(H25/E25,"") -> 316.36273 | O25: 250 | P25: =N25-O25 -> 66.362727
A26: 45951 | B26: 96 | D26: =B26-C26 -> 96 | E26: 11 | F26: 18 | G26: =E26-F26 -> -7 | H26: 2346.94 | I26: 5217.39 | J26: =H26-I26 -> -2870.45 | K26: =IFERROR(E26/B26,"") -> 0.11458333 | L26: 0.3 | M26: =L26-K26 -> 0.18541667 | N26: =IFERROR(H26/E26,"") -> 213.35818 | O26: 250 | P26: =N26-O26 -> -36.641818
A27: 45952 | B27: 23 | D27: =B27-C27 -> 23 | E27: 10 | F27: 18 | G27: =E27-F27 -> -8 | H27: 2414.05 | I27: 5217.39 | J27: =H27-I27 -> -2803.34 | K27: =IFERROR(E27/B27,"") -> 0.43478261 | L27: 0.3 | M27: =L27-K27 -> -0.13478261 | N27: =IFERROR(H27/E27,"") -> 241.405 | O27: 250 | P27: =N27-O27 -> -8.595
A28: 45953 | B28: 105 | D28: =B28-C28 -> 105 | E28: 9 | F28: 18 | G28: =E28-F28 -> -9 | H28: 1739.53 | I28: 5217.39 | J28: =H28-I28 -> -3477.86 | K28: =IFERROR(E28/B28,"") -> 0.085714286 | L28: 0.3 | M28: =L28-K28 -> 0.21428571 | N28: =IFERROR(H28/E28,"") -> 193.28111 | O28: 250 | P28: =N28-O28 -> -56.718889
A29: 45954 | B29: 87 | D29: =B29-C29 -> 87 | E29: 8 | F29: 18 | G29: =E29-F29 -> -10 | H29: 2407.81 | I29: 5217.39 | J29: =H29-I29 -> -2809.58 | K29: =IFERROR(E29/B29,"") -> 0.091954023 | L29: 0.3 | M29: =L29-K29 -> 0.20804598 | N29: =IFERROR(H29/E29,"") -> 300.97625 | O29: 250 | P29: =N29-O29 -> 50.97625
A30: 45955 | B30: 60 | D30: =B30-C30 -> 60 | E30: 2 | G30: =E30-F30 -> 2 | H30: 580.24 | J30: =H30-I30 -> 580.24 | K30: =IFERROR(E30/B30,"") -> 0.033333333 | L30: 0.3 | M30: =L30-K30 -> 0.26666667 | N30: =IFERROR(H30/E30,"") -> 290.12 | O30: 250 | P30: =N30-O30 -> 40.12
A31: 45956 | B31: 0 | D31: =B31-C31 -> 0 | E31: 0 | G31: =E31-F31 -> 0 | H31: 0 | J31: =H31-I31 -> 0 | K31: =IFERROR(E31/B31,"") | L31: 0.3 | M31: =L31-K31 -> 0.3 | N31: =IFERROR(H31/E31,"") | O31: 250 | P31: =N31-O31 -> -250
A32: 45957 | B32: 115 | D32: =B32-C32 -> 115 | E32: 12 | F32: 18 | G32: =E32-F32 -> -6 | H32: 2280.69 | I32: 5217.39 | J32: =H32-I32 -> -2936.7 | K32: =IFERROR(E32/B32,"") -> 0.10434783 | L32: 0.3 | M32: =L32-K32 -> 0.19565217 | N32: =IFERROR(H32/E32,"") -> 190.0575 | O32: 250 | P32: =N32-O32 -> -59.9425
A33: 45958 | B33: 92 | D33: =B33-C33 -> 92 | E33: 13 | F33: 18 | G33: =E33-F33 -> -5 | H33: 2265.57 | I33: 5217.39 | J33: =H33-I33 -> -2951.82 | K33: =IFERROR(E33/B33,"") -> 0.14130435 | L33: 0.3 | M33: =L33-K33 -> 0.15869565 | N33: =IFERROR(H33/E33,"") -> 174.27462 | O33: 250 | P33: =N33-O33 -> -75.725385
A34: 45959 | B34: 115 | D34: =B34-C34 -> 115 | E34: 13 | F34: 18 | G34: =E34-F34 -> -5 | H34: 5198.6 | I34: 5217.39 | J34: =H34-I34 -> -18.79 | K34: =IFERROR(E34/B34,"") -> 0.11304348 | L34: 0.3 | M34: =L34-K34 -> 0.18695652 | N34: =IFERROR(H34/E34,"") -> 399.89231 | O34: 250 | P34: =N34-O34 -> 149.89231
A35: 45960 | B35: 79 | D35: =B35-C35 -> 79 | E35: 17 | F35: 18 | G35: =E35-F35 -> -1 | H35: 4762.3 | I35: 5217.39 | J35: =H35-I35 -> -455.09 | K35: =IFERROR(E35/B35,"") -> 0.21518987 | L35: 0.3 | M35: =L35-K35 -> 0.084810127 | N35: =IFERROR(H35/E35,"") -> 280.13529 | O35: 250 | P35: =N35-O35 -> 30.135294
A36: 45961 | B36: 78 | D36: =B36-C36 -> 78 | E36: 13 | F36: 18 | G36: =E36-F36 -> -5 | H36: 7620 | I36: 5217.39 | J36: =H36-I36 -> 2402.61 | K36: =IFERROR(E36/B36,"") -> 0.16666667 | L36: 0.3 | M36: =L36-K36 -> 0.13333333 | N36: =IFERROR(H36/E36,"") -> 586.15385 | O36: 250 | P36: =N36-O36 -> 336.15385
A37: João | B37: =SUM(B38:B67) -> 380 | C37: =SUM(C38:C67) -> 240 | D37: =SUM(D38:D67) -> 140 | E37: 122 | F37: =SUM(F38:F67) -> 72 | G37: =SUM(G38:G67) -> -37 | H37: =SUM(H38:H68) -> 6297.08 | I37: 80000 | J37: =SUM(J38:J68) -> -74188.81 | K37: =IFERROR(E37/B37,"") -> 0.32105263 | L37: 0.3 | M37: =K37-L37 -> 0.021052632 | N37: =H37/E37 -> 51.61541 | O37: 250 | P37: =N37-O37 -> -198.38459
A38: 45931 | B38: 130 | D38: =B38-C38 -> 130 | E38: 35 | F38: =C38*30% -> 0 | G38: =E38-F38 -> 35 | H38: 1818.52 | I38: 3478.26 | J38: =H38-I38 -> -1659.74 | K38: =IFERROR(E38/B38,"") -> 0.26923077 | L38: 0.3 | M38: =L38-K38 -> 0.030769231 | N38: =IFERROR(H38/E38,"") -> 51.957714 | O38: 250 | P38: =N38-O38 -> -198.04229
A39: 45932 | B39: 84 | D39: =B39-C39 -> 84 | E39: 0 | F39: =C39*30% -> 0 | G39: =E39-F39 -> 0 | H39: 803.15 | I39: 3478.26 | J39: =H39-I39 -> -2675.11 | K39: =IFERROR(E39/B39,"") -> 0 | L39: 0.3 | M39: =L39-K39 -> 0.3 | N39: =IFERROR(H39/E39,"") | O39: 250 | P39: =N39-O39 -> -250
A40: 45933 | B40: 29 | D40: =B40-C40 -> 29 | E40: 0 | F40: =C40*30% -> 0 | G40: =E40-F40 -> 0 | H40: 881.78 | I40: 3478.26 | J40: =H40-I40 -> -2596.48 | K40: =IFERROR(E40/B40,"") -> 0 | L40: 0.3 | M40: =L40-K40 -> 0.3 | N40: =IFERROR(H40/E40,"") | O40: 250 | P40: =N40-O40 -> -250
A41: 45934 | B41: 83 | D41: =B41-C41 -> 83 | E41: 0 | F41: =C41*30% -> 0 | G41: =E41-F41 -> 0 | H41: 485.91 | K41: =IFERROR(E41/B41,"") -> 0 | L41: 0.3 | M41: =L41-K41 -> 0.3 | N41: =IFERROR(H41/E41,"") | O41: 250 | P41: =N41-O41 -> -250
A42: 45935 | B42: 50 | D42: =B42-C42 -> 50 | E42: 0 | F42: =C42*30% -> 0 | G42: =E42-F42 -> 0 | H42: 0 | K42: =IFERROR(E42/B42,"") -> 0 | L42: 0.3 | M42: =L42-K42 -> 0.3 | N42: =IFERROR(H42/E42,"") | O42: 250 | P42: =N42-O42 -> -250
A43: 45936 | B43: 4 | D43: =B43-C43 -> 4 | E43: 0 | F43: =C43*30% -> 0 | G43: =E43-F43 -> 0 | H43: 680 | I43: 3478.26 | J43: =H43-I43 -> -2798.26 | K43: =IFERROR(E43/B43,"") -> 0 | L43: 0.3 | M43: =L43-K43 -> 0.3 | N43: =IFERROR(H43/E43,"") | O43: 250 | P43: =N43-O43 -> -250
A44: 45937 | B44: 0 | E44: 0 | H44: 1304.45 | I44: 3478.26 | J44: =H44-I44 -> -2173.81 | K44: =IFERROR(E44/B44,"") | N44: =IFERROR(H44/E44,"") | P44: =N44-O44 -> 0
A45: 45938 | B45: 0 | D45: =B45-C45 -> 0 | E45: 0 | F45: =C45*30% -> 0 | G45: =E45-F45 -> 0 | H45: 323.27 | I45: 3478.26 | J45: =H45-I45 -> -3154.99 | K45: =IFERROR(E45/B45,"") | L45: 0.3 | M45: =L45-K45 -> 0.3 | N45: =IFERROR(H45/E45,"") | O45: 250 | P45: =N45-O45 -> -250
